#Column	usrid	(I7)	User Table identifier	(cross_match.usrid)	[""]	[meta.id]
#Column	separation	(F9.2)	Distance from master source to user source	(cross_match.separation)	["arcsec"]	[pos.angDistance]
#Column	probability	(F9.2)	Probability that master source and user source are a match	(cross_match.probability)	[""]	[stat.probability]
#Column	dataset_id	(I10)	Dataset identifier used to access Data Products	(dataset.dataset_id)	[""]	[meta.id]
#Column	name	(A20)	Source name in the format 'CXO Jhhmmss.s +/- ddmmss'	(master_source.name)	[""]	[meta.id;meta.main]
#Column	ra	(A12)	Source position, ICRS right ascension	(master_source.ra)	[""]	[pos.eq.ra;meta.main]
#Column	dec	(A11)	Source position, ICRS declination	(master_source.dec)	[""]	[pos.eq.dec;meta.main]
#Column	err_ellipse_r0	(F7.2)	Major radius of the 95% confidence level error ellipse	(master_source.err_ellipse_r0)	["arcsec"]	[phys.angSize.smaj;pos.errorEllipse]
#Column	conf_flag	(A5)	Source regions overlap (source is confused)	(master_source.conf_flag)	[""]	[meta.code]
#Column	sat_src_flag	(A5)	Source is saturated in all observations; source properties are unreliable	(master_source.sat_src_flag)	[""]	[meta.code.qual;instr.saturation]
#Column	significance	(F7.2)	Highest source flux significance across all observations	(master_source.significance)	[""]	[stat.snr]
#Column	flux_aper_b	(E9.3)	Aperture-corrected net energy flux inferred from the source region aperture, calculated by counting X-ray events; ACIS broad energy band	(master_source.flux_aper_b)	["erg/s/cm^2"]	[phot.flux;src.net;em.X-ray]
#Column	flux_aper_lolim_b	(E9.3)	Aperture-corrected net energy flux inferred from the source region aperture, calculated by counting X-ray events (68% lower confidence limit); ACIS broad energy band	(master_source.flux_aper_lolim_b)	["erg/s/cm^2"]	[stat.error;phot.flux;src.net;stat.min;em.X-ray]
#Column	flux_aper_hilim_b	(E9.3)	Aperture-corrected net energy flux inferred from the source region aperture, calculated by counting X-ray events (68% upper confidence limit); ACIS broad energy band	(master_source.flux_aper_hilim_b)	["erg/s/cm^2"]	[stat.error;phot.flux;src.net;stat.max;em.X-ray]
#Column	flux_aper_w	(E9.3)	Aperture-corrected net energy flux inferred from the source region aperture, calculated by counting X-ray events; HRC wide energy band	(master_source.flux_aper_w)	["erg/s/cm^2"]	[phot.flux;src.net;em.X-ray]
#Column	flux_aper_lolim_w	(E9.3)	Aperture-corrected net energy flux inferred from the source region aperture, calculated by counting X-ray events (68% lower confidence limit); HRC wide energy band	(master_source.flux_aper_lolim_w)	["erg/s/cm^2"]	[stat.error;phot.flux;src.net;stat.min;em.X-ray]
#Column	flux_aper_hilim_w	(E9.3)	Aperture-corrected net energy flux inferred from the source region aperture, calculated by counting X-ray events (68% upper confidence limit); HRC wide energy band	(master_source.flux_aper_hilim_w)	["erg/s/cm^2"]	[stat.error;phot.flux;src.net;stat.max;em.X-ray]
usrid	separation	probability	dataset_id	name	ra	dec	err_ellipse_r0	conf_flag	sat_src_flag	significance	flux_aper_b	flux_aper_lolim_b	flux_aper_hilim_b	flux_aper_w	flux_aper_lolim_w	flux_aper_hilim_w
      2	    44.82	     0.00	     93026	CXO J185522.1-303213	 18 55 22.13	-30 32 13.74	   1.45	FALSE	FALSE	   4.88	8.455e-15	6.779e-15	1.032e-14	         	         	         
      2	    51.93	     0.00	     93023	CXO J185518.4-303333	 18 55 18.45	-30 33 33.12	   2.19	FALSE	FALSE	   3.49	1.082e-14	7.981e-15	1.413e-14	         	         	         
      2	    54.39	     0.00	     93024	CXO J185522.6-303318	 18 55 22.67	-30 33 18.74	   1.31	FALSE	FALSE	   5.91	2.242e-14	1.844e-14	2.636e-14	         	         	         
      2	    68.18	     0.00	     93045	CXO J185516.8-303144	 18 55 16.81	-30 31 44.38	   1.28	FALSE	FALSE	   3.75	7.265e-15	5.231e-15	9.297e-15	         	         	         
      2	   173.81	     0.00	     93053	CXO J185532.9-303258	 18 55 32.90	-30 32 58.34	   3.88	FALSE	FALSE	   3.67	6.253e-15	4.482e-15	8.007e-15	         	         	         
      4	    44.49	     0.00	    173912	CXO J052325.9-694523	 05 23 25.96	-69 45 23.74	   2.92	FALSE	FALSE	   9.93	4.232e-14	3.923e-14	4.543e-14	         	         	         
      4	   102.54	     0.00	    173891	CXO J052353.6-694547	 05 23 53.69	-69 45 47.16	   4.27	FALSE	FALSE	   3.35	8.013e-15	5.956e-15	1.007e-14	         	         	         
      4	   177.47	     0.00	    173914	CXO J052300.3-694529	 05 23 00.37	-69 45 29.80	   5.78	FALSE	FALSE	   6.17	2.315e-14	1.920e-14	2.706e-14	         	         	         
      6	    25.51	     0.00	       557	CXO J005245.6-724917	 00 52 45.68	-72 49 17.81	   2.47	FALSE	FALSE	   4.16	3.159e-14	2.420e-14	3.988e-14	         	         	         
      6	    65.00	     0.00	       563	CXO J005231.3-724916	 00 52 31.39	-72 49 16.39	   3.44	FALSE	FALSE	   3.16	1.527e-14	1.092e-14	2.045e-14	         	         	         
      6	    80.18	     0.00	       552	CXO J005252.2-724829	 00 52 52.20	-72 48 29.86	   1.58	FALSE	FALSE	   5.30	4.736e-14	3.882e-14	5.680e-14	         	         	         
      6	   143.74	     0.00	       550	CXO J005242.2-724719	 00 52 42.24	-72 47 19.70	   1.07	FALSE	FALSE	   6.60	4.556e-14	3.855e-14	5.263e-14	         	         	         
      8	    50.54	     0.00	    185216	CXO J172009.9+575408	 17 20 09.95	+57 54 08.64	   0.87	FALSE	FALSE	   4.53	6.226e-15	4.700e-15	7.756e-15	         	         	         
      8	    93.57	     0.00	    185225	CXO J172002.3+575544	 17 20 02.38	+57 55 44.23	   1.27	FALSE	FALSE	   3.52	9.446e-16	1.546e-16	1.742e-15	         	         	         
      8	   153.06	     0.00	    185207	CXO J172025.6+575304	 17 20 25.66	+57 53 04.66	   0.54	FALSE	FALSE	   5.20	4.189e-15	3.470e-15	4.916e-15	         	         	         
      8	   155.04	     0.00	    185211	CXO J172028.4+575623	 17 20 28.43	+57 56 23.19	   0.43	FALSE	FALSE	   5.38	8.834e-15	7.553e-15	1.013e-14	         	         	         
      8	   171.18	     0.00	    185206	CXO J172025.4+575239	 17 20 25.48	+57 52 39.59	   0.60	FALSE	FALSE	   4.63	7.274e-15	6.010e-15	8.550e-15	         	         	         
     11	    48.21	     0.00	    235989	CXO J010005.9-334209	 01 00 05.92	-33 42 09.56	   0.60	FALSE	FALSE	   4.11	8.469e-15	6.564e-15	1.065e-14	         	         	         
     11	    52.81	     0.00	    236004	CXO J010008.3-334324	 01 00 08.31	-33 43 24.34	   0.73	FALSE	FALSE	   3.11	5.972e-16	2.756e-16	9.186e-16	         	         	         
     11	    85.71	     0.00	    236007	CXO J010013.7-334127	 01 00 13.70	-33 41 27.14	   0.87	FALSE	FALSE	   3.15	3.950e-15	2.802e-15	5.317e-15	         	         	         
     11	    86.55	     0.00	    235987	CXO J010002.8-334304	 01 00 02.83	-33 43 04.18	   0.14	FALSE	FALSE	  19.89	2.468e-14	2.382e-14	2.555e-14	         	         	         
     11	   107.13	     0.00	    235991	CXO J010013.6-334101	 01 00 13.66	-33 41 00.72	   0.54	FALSE	FALSE	   4.96	4.429e-15	3.654e-15	5.212e-15	         	         	         
     11	   119.53	     0.00	    235992	CXO J010008.4-334033	 01 00 08.46	-33 40 33.93	   0.65	FALSE	FALSE	   4.71	2.171e-15	1.673e-15	2.700e-15	         	         	         
     11	   141.80	     0.00	     71192	CXO J010013.9-334442	 01 00 13.90	-33 44 42.65	   0.66	 TRUE	FALSE	   4.67	4.704e-14	3.703e-14	5.709e-14	         	         	         
     11	   141.98	     0.00	     71193	CXO J010014.0-334442	 01 00 14.03	-33 44 42.12	   0.94	 TRUE	FALSE	   3.22	5.459e-14	3.935e-14	7.203e-14	         	         	         
     11	   147.07	     0.00	    235985	CXO J005958.6-334337	 00 59 58.69	-33 43 36.98	   0.26	FALSE	FALSE	   9.90	1.447e-14	1.353e-14	1.542e-14	         	         	         
     11	   147.42	     0.00	    236005	CXO J005958.2-334324	 00 59 58.22	-33 43 24.23	   0.95	FALSE	FALSE	   3.28	1.362e-15	7.820e-16	1.943e-15	         	         	         
     11	   165.72	     0.00	    236001	CXO J010005.2-334510	 01 00 05.24	-33 45 10.80	   1.01	FALSE	FALSE	   3.46	2.360e-15	1.592e-15	3.123e-15	         	         	         
     11	   166.62	     0.00	    235984	CXO J005958.9-334417	 00 59 58.92	-33 44 17.81	   0.45	FALSE	FALSE	   8.26	1.449e-14	1.296e-14	1.604e-14	         	         	         
     11	   174.15	     0.00	    236008	CXO J010021.9-334120	 01 00 21.98	-33 41 20.16	   0.87	FALSE	FALSE	   3.63	7.598e-15	5.695e-15	9.842e-15	         	         	         
     19	    23.87	     0.00	    251806	CXO J194456.6-144830	 19 44 56.64	-14 48 30.22	   0.53	FALSE	FALSE	  14.35	5.632e-14	5.240e-14	6.028e-14	         	         	         
     19	    74.53	     0.00	    251809	CXO J194454.6-144713	 19 44 54.60	-14 47 13.45	   0.72	FALSE	FALSE	   3.55	4.174e-15	3.084e-15	5.429e-15	         	         	         
     19	    79.49	     0.00	    251805	CXO J194501.5-144909	 19 45 01.58	-14 49 09.11	   0.83	FALSE	FALSE	   3.14	3.842e-15	2.675e-15	5.223e-15	         	         	         
     19	   107.71	     0.00	    251789	CXO J194451.9-144919	 19 44 51.91	-14 49 19.13	   0.71	FALSE	FALSE	   3.73	2.651e-15	1.917e-15	3.451e-15	         	         	         
     19	   112.49	     0.00	    251794	CXO J194451.9-144658	 19 44 51.90	-14 46 58.41	   0.61	FALSE	FALSE	   5.28	1.498e-14	1.110e-14	1.614e-14	         	         	         
     19	   137.54	     0.00	    251810	CXO J194449.5-144704	 19 44 49.50	-14 47 04.26	   0.94	FALSE	FALSE	   3.05	4.502e-15	3.140e-15	6.132e-15	         	         	         
     19	   158.68	     0.00	    251807	CXO J194508.5-144745	 19 45 08.52	-14 47 45.57	   0.93	FALSE	FALSE	   4.66	1.015e-14	8.104e-15	1.244e-14	         	         	         
     22	    30.97	     0.00	     66504	CXO J002020.9+591759	 00 20 20.92	+59 17 59.20	   0.42	FALSE	FALSE	  17.95	2.056e-13	1.943e-13	2.170e-13	         	         	         
     22	    40.26	     0.00	     66502	CXO J002012.4+591758	 00 20 12.47	+59 17 58.44	   0.40	 TRUE	FALSE	   4.41	5.510e-15	4.759e-15	6.253e-15	         	         	         
     22	    44.22	     0.00	     66503	CXO J002014.9+591853	 00 20 14.97	+59 18 53.94	   0.38	FALSE	FALSE	   6.67	6.781e-15	6.148e-15	7.420e-15	         	         	         
     22	    58.44	     0.00	    154640	CXO J002021.5+591902	 00 20 21.55	+59 19 02.34	   0.48	FALSE	FALSE	   5.40	9.224e-15	8.096e-15	1.034e-14	         	         	         
     22	    62.96	     0.00	    152608	CXO J002009.1+591818	 00 20 09.15	+59 18 18.79	   0.47	FALSE	FALSE	   4.45	3.964e-15	3.329e-15	4.605e-15	         	         	         
     22	    72.01	     0.00	    152605	CXO J002009.1+591738	 00 20 09.14	+59 17 38.36	   0.62	FALSE	FALSE	   4.30	1.040e-14	8.169e-15	1.296e-14	         	         	         
     22	    73.77	     0.00	    152609	CXO J002026.0+591845	 00 20 26.03	+59 18 45.48	   0.83	FALSE	FALSE	   5.33	3.689e-15	2.883e-15	4.500e-15	         	         	         
     22	    74.30	     0.00	    154650	CXO J002024.2+591721	 00 20 24.27	+59 17 21.62	   1.06	FALSE	FALSE	   3.24	2.592e-15	1.830e-15	3.479e-15	         	         	         
     22	    78.42	     0.00	    154639	CXO J002007.9+591844	 00 20 07.94	+59 18 44.76	   0.86	FALSE	FALSE	   3.47	8.658e-16	5.432e-16	1.204e-15	         	         	         
     22	    88.01	     0.00	    152611	CXO J002007.3+591857	 00 20 07.39	+59 18 57.68	   0.38	FALSE	FALSE	   8.36	1.952e-14	1.781e-14	2.125e-14	         	         	         
     22	   110.28	     0.00	    152602	CXO J002013.6+591626	 00 20 13.69	+59 16 26.93	   0.27	FALSE	FALSE	   9.68	1.165e-14	1.086e-14	1.242e-14	         	         	         
     22	   115.14	     0.00	    152616	CXO J002011.4+591627	 00 20 11.45	+59 16 27.68	   0.70	FALSE	FALSE	   3.45	4.119e-15	2.936e-15	5.470e-15	         	         	         
     22	   121.76	     0.00	    152603	CXO J002029.1+591651	 00 20 29.11	+59 16 51.79	   0.29	FALSE	FALSE	  71.27	1.111e-12	1.101e-12	1.120e-12	         	         	         
     22	   160.06	     0.00	     66497	CXO J002022.8+591539	 00 20 22.83	+59 15 39.18	   0.74	FALSE	FALSE	   3.48	2.217e-15	1.491e-15	2.998e-15	         	         	         
     22	   166.80	     0.00	     66501	CXO J002038.7+591741	 00 20 38.70	+59 17 41.08	   0.64	FALSE	FALSE	   4.47	4.067e-15	3.302e-15	4.841e-15	         	         	         
     22	   167.94	     0.00	    152600	CXO J002008.3+591540	 00 20 08.36	+59 15 40.40	   0.40	FALSE	FALSE	   4.55	7.370e-15	6.351e-15	8.400e-15	         	         	         
     22	   176.85	     0.00	    152599	CXO J002024.4+591525	 00 20 24.48	+59 15 25.42	   0.26	FALSE	FALSE	  17.97	5.909e-14	5.697e-14	6.119e-14	         	         	         
     29	     0.04	     0.71	      8086	CXO J004241.8+405155	 00 42 41.83	+40 51 55.03	   0.26	 TRUE	FALSE	  23.57	3.183e-14	3.056e-14	3.312e-14	         	         	         
     29	     8.43	     0.00	      8085	CXO J004242.5+405152	 00 42 42.54	+40 51 52.44	   0.15	 TRUE	FALSE	 112.21	8.847e-13	8.777e-13	8.919e-13	4.688e-13	4.439e-13	4.939e-13
     29	     9.56	     0.00	      8110	CXO J004241.7+405145	 00 42 41.72	+40 51 45.53	   0.67	 TRUE	FALSE	   3.18	8.120e-16	2.964e-16	1.331e-15	         	         	         
     29	    19.59	     0.00	      8111	CXO J004240.1+405150	 00 42 40.15	+40 51 50.66	   0.70	FALSE	FALSE	  15.50	6.224e-16	1.577e-16	1.087e-15	         	         	         
     29	    39.48	     0.00	      8087	CXO J004241.5+405234	 00 42 41.58	+40 52 34.38	   0.61	FALSE	FALSE	   3.21	1.506e-15	1.023e-15	1.992e-15	         	         	         
     29	    39.86	     0.00	      8182	CXO J004240.7+405117	 00 42 40.74	+40 51 17.10	   0.23	FALSE	FALSE	  26.16	2.867e-13	2.778e-13	2.957e-13	6.653e-13	6.101e-13	7.210e-13
     29	    42.38	     0.00	      8098	CXO J004242.5+405113	 00 42 42.51	+40 51 13.33	   0.67	FALSE	FALSE	   3.61	2.185e-15	1.594e-15	2.773e-15	         	         	         
     29	    93.53	     0.00	      8089	CXO J004235.2+405250	 00 42 35.21	+40 52 50.69	   0.48	FALSE	FALSE	   8.07	1.126e-14	9.873e-15	1.264e-14	         	         	         
     29	   114.71	     0.00	      8084	CXO J004250.8+405103	 00 42 50.84	+40 51 03.01	   0.76	FALSE	FALSE	   4.06	1.647e-15	1.222e-15	2.118e-15	         	         	         
     29	   114.92	     0.00	      8083	CXO J004247.8+405022	 00 42 47.80	+40 50 22.18	   0.65	FALSE	FALSE	   5.44	1.751e-15	1.371e-15	2.133e-15	         	         	         
     29	   117.40	     0.00	      8092	CXO J004243.3+405351	 00 42 43.31	+40 53 51.20	   0.40	FALSE	FALSE	  10.04	8.748e-15	7.920e-15	9.584e-15	         	         	         
     29	   123.11	     0.00	      8088	CXO J004251.9+405240	 00 42 51.91	+40 52 40.67	   0.57	FALSE	FALSE	   6.08	3.809e-15	3.111e-15	4.514e-15	         	         	         
     29	   158.08	     0.00	      8090	CXO J004253.6+405318	 00 42 53.68	+40 53 18.21	   0.40	FALSE	FALSE	  13.61	1.395e-14	1.276e-14	1.512e-14	         	         	         
     29	   177.97	     0.00	      8091	CXO J004254.3+405342	 00 42 54.35	+40 53 42.31	   0.91	FALSE	FALSE	   3.41	1.006e-16	0.000e+00	2.045e-16	         	         	         
     35	   168.19	     0.00	      8663	CXO J004214.2+403919	 00 42 14.22	+40 39 19.74	   4.91	FALSE	FALSE	   9.90	3.720e-13	3.150e-13	4.284e-13	         	         	         
     36	     0.04	     0.30	    206172	CXO J004244.3+411608	 00 42 44.35	+41 16 08.64	   0.08	 TRUE	FALSE	  19.11	1.384e-13	1.323e-13	1.446e-13	8.670e-14	8.465e-14	8.878e-14
     36	     1.21	     0.00	    207071	CXO J004244.3+411607	 00 42 44.37	+41 16 07.43	   0.08	 TRUE	FALSE	  27.79	4.022e-13	3.886e-13	4.160e-13	1.345e-13	1.325e-13	1.365e-13
     36	     1.94	     0.00	    208191	CXO J004244.4+411607	 00 42 44.49	+41 16 07.51	   0.43	 TRUE	FALSE	   5.67	         	         	         	1.840e-14	1.520e-14	2.164e-14
     36	     3.31	     0.00	    208043	CXO J004244.3+411605	 00 42 44.37	+41 16 05.30	   0.08	 TRUE	FALSE	  27.66	1.371e-13	1.315e-13	1.427e-13	8.011e-14	7.865e-14	8.158e-14
     36	     5.02	     0.00	    206141	CXO J004243.9+411610	 00 42 43.94	+41 16 10.64	   0.11	 TRUE	FALSE	  15.61	         	         	         	6.585e-14	6.413e-14	6.758e-14
     36	     5.35	     0.00	    206169	CXO J004244.1+411603	 00 42 44.12	+41 16 03.92	   0.48	 TRUE	FALSE	   5.19	         	         	         	1.873e-14	1.516e-14	2.233e-14
     36	     5.39	     0.00	      8328	CXO J004244.2+411613	 00 42 44.29	+41 16 13.95	   0.12	 TRUE	FALSE	   8.55	1.756e-14	1.596e-14	1.918e-14	1.102e-14	1.047e-14	1.158e-14
     36	     7.13	     0.00	    208818	CXO J004243.8+411612	 00 42 43.82	+41 16 12.51	   0.17	 TRUE	FALSE	  14.88	         	         	         	1.042e-13	1.008e-13	1.076e-13
     36	     7.31	     0.00	      8321	CXO J004243.8+411603	 00 42 43.86	+41 16 03.77	   0.08	 TRUE	FALSE	  11.49	4.198e-14	4.006e-14	4.391e-14	3.031e-14	2.947e-14	3.116e-14
     36	    10.16	     0.00	      8331	CXO J004244.6+411618	 00 42 44.67	+41 16 18.09	   0.08	 TRUE	FALSE	  17.36	5.041e-14	4.850e-14	5.234e-14	3.394e-14	3.306e-14	3.482e-14
     36	    10.23	     0.00	    208048	CXO J004245.2+411611	 00 42 45.23	+41 16 11.08	   0.09	 TRUE	FALSE	  10.67	2.043e-14	1.911e-14	2.176e-14	2.090e-14	2.017e-14	2.163e-14
     36	    13.99	     0.00	      8325	CXO J004245.5+411608	 00 42 45.59	+41 16 08.55	   0.08	 TRUE	FALSE	  23.18	6.752e-14	6.521e-14	6.986e-14	3.363e-14	3.274e-14	3.453e-14
     36	    14.58	     0.00	    207068	CXO J004243.1+411604	 00 42 43.12	+41 16 04.11	   0.42	FALSE	FALSE	  10.65	         	         	         	2.872e-14	2.605e-14	3.141e-14
     36	    15.63	     0.00	      8334	CXO J004245.1+411621	 00 42 45.11	+41 16 21.65	   0.06	 TRUE	FALSE	  21.04	1.952e-13	1.914e-13	1.991e-13	9.621e-14	9.480e-14	9.765e-14
     36	    20.98	     0.00	    206403	CXO J004245.7+411554	 00 42 45.74	+41 15 54.63	   0.22	FALSE	FALSE	   7.27	         	         	         	2.522e-14	2.349e-14	2.697e-14
     36	    21.31	     0.00	    206769	CXO J004243.8+411628	 00 42 43.81	+41 16 29.01	   0.28	 TRUE	FALSE	   5.89	2.080e-14	1.565e-14	2.593e-14	1.463e-14	1.297e-14	1.631e-14
     36	    21.54	     0.00	    206043	CXO J004246.0+411619	 00 42 45.99	+41 16 19.57	   0.15	 TRUE	FALSE	  18.87	4.307e-14	4.091e-14	4.526e-14	6.514e-14	6.281e-14	6.749e-14
     36	    21.70	     0.00	    208206	CXO J004243.8+411629	 00 42 43.89	+41 16 29.66	   0.10	 TRUE	FALSE	  16.42	1.510e-13	1.421e-13	1.600e-13	5.048e-14	4.918e-14	5.178e-14
     36	    23.33	     0.00	    208047	CXO J004246.4+411610	 00 42 46.42	+41 16 10.08	   0.35	FALSE	FALSE	  15.10	         	         	         	4.246e-14	3.976e-14	4.518e-14
     36	    24.60	     0.00	    205173	CXO J004242.1+411608	 00 42 42.17	+41 16 08.21	   0.11	FALSE	FALSE	  23.66	8.249e-13	8.102e-13	8.398e-13	5.076e-13	4.908e-13	5.245e-13
     36	    24.69	     0.00	      8340	CXO J004243.7+411632	 00 42 43.75	+41 16 32.33	   0.07	 TRUE	FALSE	  26.13	1.470e-13	1.435e-13	1.506e-13	1.146e-13	1.131e-13	1.162e-13
     36	    25.89	     0.00	      8317	CXO J004242.4+411553	 00 42 42.48	+41 15 53.65	   0.07	 TRUE	FALSE	  31.67	2.476e-13	2.428e-13	2.523e-13	9.411e-14	9.271e-14	9.553e-14
     36	    29.69	     0.00	      8313	CXO J004242.9+411543	 00 42 43.00	+41 15 43.13	   0.07	 TRUE	FALSE	  27.63	1.835e-13	1.794e-13	1.877e-13	8.053e-14	7.922e-14	8.185e-14
     36	    29.82	     0.00	    208032	CXO J004242.7+411544	 00 42 42.76	+41 15 44.79	   0.43	 TRUE	FALSE	   8.93	         	         	         	2.034e-14	1.809e-14	2.261e-14
     36	    30.21	     0.00	      8330	CXO J004246.9+411615	 00 42 46.96	+41 16 15.54	   0.06	FALSE	FALSE	  37.13	2.571e-13	2.527e-13	2.615e-13	1.400e-13	1.382e-13	1.417e-13
     36	    32.41	     0.00	    208481	CXO J004242.3+411544	 00 42 42.39	+41 15 44.87	   0.34	FALSE	FALSE	   3.86	         	         	         	8.591e-15	7.388e-15	9.806e-15
     36	    32.52	     0.00	    208180	CXO J004246.1+411543	 00 42 46.15	+41 15 43.20	   0.11	FALSE	FALSE	   7.16	2.996e-14	2.771e-14	3.223e-14	1.221e-14	1.162e-14	1.280e-14
     36	    33.50	     0.00	    208053	CXO J004247.1+411619	 00 42 47.15	+41 16 19.78	   0.25	FALSE	FALSE	  56.86	         	         	         	3.923e-13	3.856e-13	3.991e-13
     36	    33.68	     0.00	    206041	CXO J004241.4+411617	 00 42 41.48	+41 16 17.87	   0.34	FALSE	FALSE	  22.99	         	         	         	1.590e-13	1.523e-13	1.658e-13
     36	    34.11	     0.00	      8341	CXO J004243.1+411640	 00 42 43.20	+41 16 40.15	   0.13	FALSE	FALSE	  13.91	4.291e-14	4.069e-14	4.514e-14	2.655e-14	2.526e-14	2.785e-14
     36	    36.16	     0.00	    208958	CXO J004241.2+411615	 00 42 41.21	+41 16 15.78	   0.29	FALSE	FALSE	   4.55	         	         	         	1.037e-14	9.216e-15	1.153e-14
     36	    37.39	     0.00	    208205	CXO J004247.1+411628	 00 42 47.17	+41 16 28.36	   0.06	 TRUE	FALSE	  60.45	8.603e-13	8.517e-13	8.690e-13	3.779e-13	3.751e-13	3.807e-13
     36	    39.00	     0.00	    208956	CXO J004240.8+411609	 00 42 40.89	+41 16 09.59	   0.87	FALSE	FALSE	   3.05	         	         	         	6.680e-15	4.497e-15	8.841e-15
     36	    42.06	     0.00	    206766	CXO J004247.8+411623	 00 42 47.86	+41 16 22.93	   0.15	FALSE	FALSE	   9.13	2.131e-14	1.952e-14	2.312e-14	1.783e-14	1.686e-14	1.882e-14
     36	    42.75	     0.00	    208955	CXO J004241.2+411544	 00 42 41.20	+41 15 44.77	   0.30	FALSE	FALSE	   4.32	         	         	         	1.135e-14	1.016e-14	1.256e-14
     36	    43.98	     0.00	    208034	CXO J004247.8+411549	 00 42 47.88	+41 15 49.77	   0.11	FALSE	FALSE	  25.48	1.308e-14	1.200e-14	1.417e-14	8.708e-14	8.553e-14	8.865e-14
     36	    44.58	     0.00	    208026	CXO J004242.0+411532	 00 42 42.08	+41 15 32.07	   0.10	 TRUE	FALSE	  13.97	2.747e-14	2.574e-14	2.921e-14	1.946e-14	1.877e-14	2.016e-14
     36	    46.16	     0.00	      8306	CXO J004245.0+411523	 00 42 45.10	+41 15 23.21	   0.10	FALSE	FALSE	  11.54	2.795e-14	2.607e-14	2.984e-14	2.030e-14	1.959e-14	2.100e-14
     36	    49.22	     0.00	    208684	CXO J004240.4+411545	 00 42 40.48	+41 15 45.75	   0.39	 TRUE	FALSE	  11.27	         	         	         	4.120e-14	3.773e-14	4.471e-14
     36	    51.60	     0.00	      8337	CXO J004248.7+411624	 00 42 48.71	+41 16 24.39	   0.11	FALSE	FALSE	  13.49	3.667e-14	3.490e-14	3.846e-14	1.650e-14	1.583e-14	1.717e-14
     36	    53.42	     0.00	      8314	CXO J004239.9+411547	 00 42 40.00	+41 15 47.51	   0.07	 TRUE	FALSE	  42.55	2.997e-13	2.948e-13	3.046e-13	1.399e-13	1.382e-13	1.416e-13
     36	    53.51	     0.00	      8311	CXO J004247.8+411532	 00 42 47.89	+41 15 32.94	   0.07	FALSE	FALSE	  29.24	2.171e-13	2.131e-13	2.212e-13	1.708e-13	1.689e-13	1.727e-13
     36	    54.12	     0.00	    207075	CXO J004239.5+411614	 00 42 39.58	+41 16 14.30	   0.29	FALSE	FALSE	  54.05	5.606e-13	5.506e-13	5.707e-13	2.587e-13	2.511e-13	2.664e-13
     36	    54.63	     0.00	      8343	CXO J004242.5+411659	 00 42 42.53	+41 16 59.25	   0.17	FALSE	FALSE	   6.45	1.185e-14	1.054e-14	1.316e-14	8.754e-15	8.178e-15	9.336e-15
     36	    54.65	     0.00	    208019	CXO J004243.7+411514	 00 42 43.79	+41 15 14.31	   0.17	FALSE	FALSE	   7.31	4.425e-14	3.472e-14	5.518e-14	1.597e-14	1.503e-14	1.692e-14
     36	    55.46	     0.00	    206404	CXO J004249.2+411601	 00 42 49.22	+41 16 01.15	   0.15	FALSE	FALSE	  12.12	         	         	         	4.187e-14	4.038e-14	4.339e-14
     36	    55.46	     0.00	      8307	CXO J004241.4+411523	 00 42 41.44	+41 15 23.86	   0.10	 TRUE	FALSE	  14.42	4.452e-14	4.251e-14	4.655e-14	2.194e-14	2.118e-14	2.270e-14
     36	    63.06	     0.00	    208169	CXO J004242.1+411510	 00 42 42.15	+41 15 10.65	   0.20	FALSE	FALSE	   5.39	         	         	         	9.314e-15	8.689e-15	9.945e-15
     36	    65.09	     0.00	    208188	CXO J004238.6+411603	 00 42 38.59	+41 16 03.64	   0.07	FALSE	FALSE	 113.69	3.312e-12	3.292e-12	3.332e-12	2.687e-12	2.679e-12	2.694e-12
     36	    65.87	     0.00	    208062	CXO J004249.7+411633	 00 42 49.77	+41 16 33.21	   0.18	FALSE	FALSE	  13.82	         	         	         	4.569e-14	4.402e-14	4.738e-14
     36	    66.75	     0.00	    207050	CXO J004248.5+411521	 00 42 48.52	+41 15 21.22	   0.06	FALSE	FALSE	  66.70	9.457e-13	9.367e-13	9.549e-13	4.339e-13	4.309e-13	4.369e-13
     36	    67.23	     0.00	    208168	CXO J004242.7+411503	 00 42 42.74	+41 15 03.87	   0.40	FALSE	FALSE	   4.92	         	         	         	5.755e-15	5.004e-15	6.513e-15
     36	    70.22	     0.00	    207049	CXO J004247.4+411507	 00 42 47.45	+41 15 07.70	   0.48	FALSE	FALSE	   8.23	         	         	         	1.786e-14	1.571e-14	2.002e-14
     36	    70.68	     0.00	    207956	CXO J004250.5+411557	 00 42 50.52	+41 15 56.40	   0.38	FALSE	FALSE	   4.89	4.031e-15	3.141e-15	4.926e-15	8.185e-15	7.090e-15	9.290e-15
     36	    74.22	     0.00	    207108	CXO J004239.6+411700	 00 42 39.66	+41 17 00.70	   0.81	FALSE	FALSE	   3.83	         	         	         	4.182e-15	3.101e-15	5.267e-15
     36	    74.29	     0.00	    206049	CXO J004245.2+411722	 00 42 45.21	+41 17 22.25	   0.13	FALSE	FALSE	  10.65	5.772e-14	5.494e-14	6.052e-14	2.384e-14	2.285e-14	2.484e-14
     36	    75.35	     0.00	    206477	CXO J004242.7+411455	 00 42 42.72	+41 14 55.51	   0.26	FALSE	FALSE	  17.67	         	         	         	7.594e-14	7.281e-14	7.909e-14
     36	    84.16	     0.00	    208017	CXO J004242.6+411446	 00 42 42.69	+41 14 46.56	   0.62	 TRUE	FALSE	   4.34	         	         	         	5.550e-15	4.275e-15	6.814e-15
     36	    84.34	     0.00	    207086	CXO J004251.3+411639	 00 42 51.31	+41 16 39.52	   0.44	FALSE	FALSE	   8.28	2.725e-14	1.926e-14	3.685e-14	1.772e-14	1.561e-14	1.986e-14
     36	    86.20	     0.00	      8301	CXO J004242.3+411445	 00 42 42.33	+41 14 45.48	   0.08	 TRUE	FALSE	  26.56	1.393e-13	1.358e-13	1.429e-13	7.886e-14	7.756e-14	8.017e-14
     36	    88.84	     0.00	    208036	CXO J004236.5+411554	 00 42 36.57	+41 15 54.76	   0.68	FALSE	FALSE	   4.08	         	         	         	5.142e-15	3.895e-15	6.387e-15
     36	    89.65	     0.00	    206987	CXO J004246.0+411736	 00 42 46.09	+41 17 36.07	   0.31	FALSE	FALSE	   4.87	         	         	         	1.110e-14	1.019e-14	1.203e-14
     36	    91.18	     0.00	      8348	CXO J004244.9+411739	 00 42 44.90	+41 17 39.58	   0.09	FALSE	FALSE	  15.98	5.976e-14	5.748e-14	6.206e-14	2.955e-14	2.873e-14	3.038e-14
     36	    96.45	     0.00	    207059	CXO J004252.5+411539	 00 42 52.52	+41 15 39.98	   0.06	FALSE	FALSE	  45.55	6.854e-14	6.713e-14	6.997e-14	3.945e-13	3.916e-13	3.974e-13
     36	    96.57	     0.00	    208792	CXO J004241.6+411437	 00 42 41.62	+41 14 37.06	   0.21	FALSE	FALSE	  10.32	         	         	         	3.114e-14	2.950e-14	3.280e-14
     36	    98.19	     0.00	    206206	CXO J004238.6+411723	 00 42 38.69	+41 17 23.18	   1.51	FALSE	FALSE	   3.31	         	         	         	7.643e-15	5.530e-15	1.012e-14
     36	    99.37	     0.00	    208209	CXO J004252.4+411648	 00 42 52.42	+41 16 48.66	   0.12	FALSE	FALSE	  16.96	         	         	         	4.888e-14	4.776e-14	5.002e-14
     36	   100.29	     0.00	    213851	CXO J004237.3+411709	 00 42 37.31	+41 17 09.89	   0.24	FALSE	FALSE	  16.32	         	         	         	6.729e-14	6.422e-14	7.039e-14
     36	   106.51	     0.00	      8618	CXO J004242.1+411424	 00 42 42.23	+41 14 24.79	   1.06	FALSE	FALSE	   5.16	1.335e-13	1.092e-13	1.581e-13	1.668e-13	1.271e-13	2.102e-13
     36	   106.89	     0.00	    207090	CXO J004243.9+411755	 00 42 43.96	+41 17 55.40	   0.20	FALSE	FALSE	  10.55	         	         	         	2.669e-14	2.553e-14	2.786e-14
     36	   107.86	     0.00	    206514	CXO J004249.1+411741	 00 42 49.14	+41 17 41.94	   0.14	 TRUE	FALSE	  11.37	4.046e-15	3.050e-15	5.040e-15	2.734e-14	2.641e-14	2.827e-14
     36	   113.84	     0.00	      8300	CXO J004239.5+411428	 00 42 39.54	+41 14 28.52	   0.09	 TRUE	FALSE	  20.32	6.855e-14	6.619e-14	7.093e-14	4.425e-14	4.324e-14	4.528e-14
     36	   114.90	     0.00	    206307	CXO J004251.8+411726	 00 42 51.81	+41 17 26.92	   0.61	FALSE	FALSE	   6.83	         	         	         	2.737e-14	2.341e-14	3.137e-14
     36	   117.10	     0.00	    205857	CXO J004234.7+411523	 00 42 34.77	+41 15 23.39	   0.32	FALSE	FALSE	   8.03	9.102e-14	8.092e-14	1.012e-13	9.749e-14	8.451e-14	1.106e-13
     36	   118.37	     0.00	      8333	CXO J004233.8+411619	 00 42 33.90	+41 16 19.70	   0.09	FALSE	FALSE	  19.96	9.497e-14	9.207e-14	9.789e-14	4.807e-14	4.704e-14	4.911e-14
     36	   118.81	     0.00	      8299	CXO J004239.2+411424	 00 42 39.24	+41 14 24.71	   0.78	FALSE	FALSE	   3.64	1.511e-15	1.038e-15	1.985e-15	         	         	         
     36	   119.36	     0.00	    207065	CXO J004254.9+411603	 00 42 54.93	+41 16 03.22	   0.06	FALSE	FALSE	  62.84	8.902e-13	8.814e-13	8.991e-13	4.294e-13	4.264e-13	4.324e-13
     36	   119.82	     0.00	    207953	CXO J004247.1+411413	 00 42 47.19	+41 14 13.14	   1.12	FALSE	FALSE	   3.03	         	         	         	3.126e-15	2.100e-15	4.148e-15
     36	   121.63	     0.00	      8296	CXO J004245.0+411407	 00 42 45.09	+41 14 07.26	   0.14	FALSE	FALSE	  18.29	5.196e-14	4.967e-14	5.427e-14	1.994e-14	1.916e-14	2.072e-14
     36	   124.39	     0.00	      8347	CXO J004252.3+411734	 00 42 52.30	+41 17 34.87	   0.36	FALSE	FALSE	   6.51	9.545e-15	8.097e-15	1.101e-14	7.469e-15	6.628e-15	8.319e-15
     36	   125.23	     0.00	    208231	CXO J004255.4+411608	 00 42 55.46	+41 16 08.27	   1.40	FALSE	FALSE	   3.74	         	         	         	4.501e-15	3.313e-15	5.701e-15
     36	   129.62	     0.00	    208164	CXO J004237.0+411428	 00 42 37.09	+41 14 28.09	   0.12	FALSE	FALSE	  12.94	         	         	         	4.203e-14	4.091e-14	4.316e-14
     36	   135.16	     0.00	      8315	CXO J004232.5+411545	 00 42 32.54	+41 15 45.49	   0.60	FALSE	FALSE	   4.87	6.851e-15	5.509e-15	8.206e-15	         	         	         
     36	   136.28	     0.00	    208969	CXO J004232.7+411648	 00 42 32.79	+41 16 48.59	   0.89	FALSE	FALSE	   3.63	         	         	         	8.862e-15	7.088e-15	1.063e-14
     36	   137.69	     0.00	    206014	CXO J004252.7+411428	 00 42 52.78	+41 14 28.95	   0.26	FALSE	FALSE	  11.42	         	         	         	5.206e-14	4.928e-14	5.488e-14
     36	   138.72	     0.00	      8355	CXO J004249.2+411815	 00 42 49.24	+41 18 15.92	   0.09	FALSE	FALSE	  28.50	1.168e-13	1.137e-13	1.198e-13	5.259e-14	5.151e-14	5.368e-14
     36	   142.70	     0.00	    208081	CXO J004232.6+411702	 00 42 32.64	+41 17 02.71	   0.52	FALSE	FALSE	   3.96	         	         	         	6.336e-15	5.591e-15	7.088e-15
     36	   144.51	     0.00	    206778	CXO J004252.4+411800	 00 42 52.49	+41 18 00.27	   0.23	FALSE	FALSE	  21.92	         	         	         	6.715e-14	6.512e-14	6.920e-14
     36	   149.05	     0.00	    213862	CXO J004235.1+411421	 00 42 35.19	+41 14 21.14	   0.91	FALSE	FALSE	   4.16	         	         	         	1.201e-14	9.129e-15	1.486e-14
     36	   149.47	     0.00	    208201	CXO J004231.1+411621	 00 42 31.14	+41 16 21.57	   0.07	FALSE	FALSE	  39.27	7.621e-13	7.527e-13	7.716e-13	3.688e-13	3.660e-13	3.715e-13
     36	   160.66	     0.00	    208952	CXO J004231.7+411454	 00 42 31.73	+41 14 54.08	   0.74	FALSE	FALSE	   4.67	         	         	         	1.470e-14	1.220e-14	1.722e-14
     36	   162.32	     0.00	      8309	CXO J004258.3+411529	 00 42 58.32	+41 15 29.22	   0.10	FALSE	FALSE	  20.22	1.015e-13	9.854e-14	1.045e-13	3.424e-14	3.333e-14	3.515e-14
     36	   163.27	     0.00	      8361	CXO J004240.2+411845	 00 42 40.23	+41 18 45.11	   0.09	FALSE	FALSE	  20.33	8.991e-14	8.694e-14	9.292e-14	7.556e-14	7.427e-14	7.685e-14
     36	   163.51	     0.00	    208367	CXO J004236.6+411350	 00 42 36.61	+41 13 50.34	   0.26	FALSE	FALSE	   5.86	3.896e-15	3.183e-15	4.617e-15	9.755e-15	9.148e-15	1.037e-14
     36	   164.72	     0.00	      7531	CXO J004234.4+411809	 00 42 34.44	+41 18 09.64	   0.36	FALSE	FALSE	   6.95	8.780e-14	7.863e-14	9.705e-14	2.447e-13	1.987e-13	2.942e-13
     36	   165.15	     0.00	      8376	CXO J004230.2+411653	 00 42 30.24	+41 16 53.04	   0.72	FALSE	FALSE	   3.09	1.132e-14	8.826e-15	1.380e-14	         	         	         
     36	   166.46	     0.00	      8290	CXO J004240.6+411327	 00 42 40.66	+41 13 27.43	   0.09	FALSE	FALSE	  17.73	1.156e-13	1.123e-13	1.190e-13	7.902e-14	7.771e-14	8.035e-14
     36	   169.44	     0.00	      8425	CXO J004243.3+411319	 00 42 43.31	+41 13 19.57	   0.19	FALSE	FALSE	  20.06	4.114e-14	3.965e-14	4.263e-14	1.618e-14	1.509e-14	1.729e-14
     36	   172.32	     0.00	    207088	CXO J004259.3+411643	 00 42 59.33	+41 16 43.08	   0.39	FALSE	FALSE	  11.52	         	         	         	1.477e-14	1.375e-14	1.580e-14
     36	   172.59	     0.00	      8356	CXO J004252.5+411834	 00 42 52.53	+41 18 34.51	   1.03	FALSE	FALSE	   3.71	2.217e-15	1.569e-15	2.859e-15	         	         	         
     36	   173.26	     0.00	    206129	CXO J004229.1+411547	 00 42 29.10	+41 15 47.24	   0.55	FALSE	FALSE	   8.17	         	         	         	3.921e-14	3.447e-14	4.400e-14
     36	   174.99	     0.00	      8323	CXO J004259.8+411605	 00 42 59.87	+41 16 05.77	   0.07	FALSE	FALSE	  51.54	5.656e-13	5.584e-13	5.728e-13	2.146e-13	2.124e-13	2.167e-13
     37	     0.37	     0.02	    143842	CXO J013350.9+303936	 01 33 50.92	+30 39 36.72	   0.40	 TRUE	FALSE	 129.21	2.331e-12	2.320e-12	2.341e-12	         	         	         
     37	     6.62	     0.00	     31997	CXO J013350.5+303931	 01 33 50.56	+30 39 31.76	   0.48	 TRUE	FALSE	   4.76	3.599e-15	2.756e-15	4.444e-15	         	         	         
     37	     9.90	     0.00	     32129	CXO J013351.3+303929	 01 33 51.38	+30 39 29.19	   0.56	 TRUE	FALSE	   3.06	1.643e-16	0.000e+00	6.675e-16	         	         	         
     37	    52.09	     0.00	     33560	CXO J013347.5+303907	 01 33 47.55	+30 39 07.57	   3.03	FALSE	FALSE	   4.59	1.522e-14	1.003e-14	2.043e-14	         	         	         
     37	    55.29	     0.00	    215355	CXO J013352.1+303844	 01 33 52.18	+30 38 44.06	   0.72	FALSE	FALSE	   4.26	2.329e-15	1.654e-15	3.004e-15	         	         	         
     37	    63.80	     0.00	     31995	CXO J013355.7+303925	 01 33 55.75	+30 39 25.15	   0.66	FALSE	FALSE	   3.65	1.143e-15	7.797e-16	1.505e-15	         	         	         
     37	    75.38	     0.00	    146083	CXO J013350.5+303821	 01 33 50.51	+30 38 21.58	   0.23	FALSE	FALSE	  13.69	1.865e-14	1.785e-14	1.945e-14	         	         	         
     37	    78.98	     0.00	    146092	CXO J013347.5+304043	 01 33 47.58	+30 40 43.21	   0.41	FALSE	FALSE	   3.85	1.972e-15	1.635e-15	2.312e-15	         	         	         
     37	   111.03	     0.00	     33278	CXO J013358.0+304039	 01 33 58.02	+30 40 39.02	   0.82	FALSE	FALSE	   3.48	2.655e-15	1.982e-15	3.324e-15	         	         	         
     37	   121.60	     0.00	    146082	CXO J013346.5+303748	 01 33 46.56	+30 37 48.79	   0.19	FALSE	FALSE	  22.10	3.840e-14	3.746e-14	3.934e-14	         	         	         
     37	   124.43	     0.00	     33465	CXO J013341.8+303855	 01 33 41.81	+30 38 55.04	   3.89	 TRUE	FALSE	   3.84	0.000e+00	         	3.454e-15	         	         	         
     37	   124.86	     0.00	     33297	CXO J013342.0+303846	 01 33 42.03	+30 38 46.69	   2.76	 TRUE	FALSE	   6.29	4.072e-15	8.476e-16	7.306e-15	         	         	         
     37	   128.26	     0.00	    143826	CXO J013343.5+304103	 01 33 43.58	+30 41 03.77	   0.65	FALSE	FALSE	   3.78	2.332e-15	1.758e-15	2.909e-15	         	         	         
     37	   137.72	     0.00	     32412	CXO J013345.3+304134	 01 33 45.34	+30 41 34.46	   2.64	FALSE	FALSE	   4.74	8.736e-15	6.898e-15	1.059e-14	         	         	         
     37	   145.88	     0.00	     32000	CXO J013339.9+304015	 01 33 39.99	+30 40 15.71	   0.88	FALSE	FALSE	   3.63	1.223e-15	8.258e-16	1.624e-15	         	         	         
     37	   146.04	     0.00	    215321	CXO J013341.4+303816	 01 33 41.45	+30 38 16.16	   1.08	FALSE	FALSE	   3.13	2.888e-15	2.000e-15	3.923e-15	         	         	         
     37	   148.02	     0.00	     31989	CXO J013356.7+303729	 01 33 56.77	+30 37 29.73	   0.20	 TRUE	FALSE	  21.82	4.533e-14	4.436e-14	4.631e-14	         	         	         
     37	   157.52	     0.00	    143799	CXO J013340.9+303805	 01 33 40.94	+30 38 05.52	   0.83	FALSE	FALSE	   7.72	9.880e-15	8.311e-15	1.143e-14	         	         	         
     37	   159.11	     0.00	    143782	CXO J013401.0+304108	 01 34 00.99	+30 41 08.02	   0.78	FALSE	FALSE	   5.25	4.559e-15	3.823e-15	5.287e-15	         	         	         
     37	   162.08	     0.00	    146120	CXO J013402.4+304040	 01 34 02.44	+30 40 40.60	   0.58	FALSE	FALSE	   3.61	2.060e-15	1.716e-15	2.406e-15	         	         	         
     37	   166.67	     0.00	    146135	CXO J013401.0+303753	 01 34 01.04	+30 37 53.81	   1.06	FALSE	FALSE	   5.07	2.567e-15	2.014e-15	3.121e-15	         	         	         
     37	   167.36	     0.00	     32377	CXO J013339.2+304050	 01 33 39.22	+30 40 49.99	   0.26	FALSE	FALSE	  11.01	1.442e-14	1.370e-14	1.515e-14	         	         	         
     37	   168.53	     0.00	     31986	CXO J013356.8+303706	 01 33 56.83	+30 37 06.68	   0.25	 TRUE	FALSE	  10.77	1.694e-14	1.619e-14	1.769e-14	         	         	         
     37	   169.63	     0.00	     32005	CXO J013341.5+304136	 01 33 41.57	+30 41 36.45	   0.28	 TRUE	FALSE	   9.42	9.536e-15	8.819e-15	1.026e-14	         	         	         
     37	   173.82	     0.00	    143832	CXO J013337.6+304009	 01 33 37.66	+30 40 09.49	   0.64	FALSE	FALSE	   3.58	2.082e-15	1.414e-15	2.747e-15	         	         	         
     37	   176.42	     0.00	    146090	CXO J013338.0+304035	 01 33 38.00	+30 40 35.59	   0.42	FALSE	FALSE	   4.90	6.526e-15	5.843e-15	7.217e-15	         	         	         
     37	   177.86	     0.00	    146084	CXO J013337.9+303837	 01 33 37.90	+30 38 37.38	   0.51	FALSE	FALSE	   6.14	6.456e-15	5.781e-15	7.138e-15	         	         	         
     38	   105.20	     0.00	      8005	CXO J004030.5+414152	 00 40 30.55	+41 41 52.61	   0.64	FALSE	FALSE	   4.82	1.586e-14	1.274e-14	1.931e-14	         	         	         
     38	   129.56	     0.00	      8006	CXO J004013.7+414236	 00 40 13.72	+41 42 36.66	   0.77	FALSE	FALSE	   5.04	1.663e-14	1.308e-14	1.940e-14	         	         	         
     38	   138.78	     0.00	      8003	CXO J004009.9+414040	 00 40 09.92	+41 40 40.70	   0.62	FALSE	FALSE	   6.65	5.282e-14	4.489e-14	6.084e-14	         	         	         
     57	    33.77	     0.00	     39743	CXO J161346.5+542144	 16 13 46.50	+54 21 44.90	   1.54	FALSE	FALSE	   4.54	3.889e-14	3.002e-14	4.861e-14	         	         	         
     57	   152.82	     0.00	     39739	CXO J161401.7+542042	 16 14 01.79	+54 20 42.82	   3.42	FALSE	FALSE	   3.67	1.990e-14	1.299e-14	2.733e-14	         	         	         
     63	    24.07	     0.00	    238841	CXO J005453.3-374127	 00 54 53.33	-37 41 27.81	   1.62	FALSE	FALSE	   3.38	7.932e-15	5.686e-15	1.053e-14	         	         	         
     63	   134.56	     0.00	    238840	CXO J005457.1-374310	 00 54 57.19	-37 43 10.96	   2.02	FALSE	FALSE	   3.24	4.739e-15	2.898e-15	6.807e-15	         	         	         
     63	   139.44	     0.00	    238836	CXO J005450.3-373849	 00 54 50.37	-37 38 49.35	   0.77	FALSE	FALSE	   5.61	3.155e-14	2.619e-14	3.748e-14	2.572e-14	2.036e-14	3.111e-14
     63	   151.58	     0.00	    224344	CXO J005440.7-374048	 00 54 40.78	-37 40 48.44	   1.66	FALSE	FALSE	   6.52	         	         	         	5.539e-14	4.701e-14	6.386e-14
     64	    23.25	     0.00	    118233	CXO J001452.3-391206	 00 14 52.34	-39 12 06.00	   1.00	FALSE	FALSE	   4.37	4.295e-15	3.299e-15	5.289e-15	         	         	         
     64	    38.22	     0.00	    118200	CXO J001452.6-391224	 00 14 52.60	-39 12 24.31	   0.76	FALSE	FALSE	   5.95	5.482e-15	4.536e-15	6.438e-15	         	         	         
     64	    40.57	     0.00	    118204	CXO J001457.0-391139	 00 14 57.01	-39 11 39.20	   0.30	FALSE	FALSE	  42.74	4.204e-13	4.110e-13	4.299e-13	         	         	         
     64	    57.78	     0.00	    118308	CXO J001457.1-391228	 00 14 57.17	-39 12 28.15	   1.18	FALSE	FALSE	   3.31	1.160e-15	7.786e-16	1.602e-15	         	         	         
     64	    65.41	     0.00	    118208	CXO J001452.0-391045	 00 14 52.00	-39 10 45.19	   0.44	FALSE	FALSE	  50.28	5.342e-13	5.249e-13	5.435e-13	         	         	         
     64	    87.84	     0.00	    118201	CXO J001500.7-391218	 00 15 00.70	-39 12 18.09	   0.55	FALSE	FALSE	   6.97	1.151e-14	9.867e-15	1.317e-14	         	         	         
     64	    95.49	     0.00	    118230	CXO J001459.9-391248	 00 14 59.93	-39 12 48.82	   0.85	FALSE	FALSE	   3.21	4.726e-15	3.452e-15	6.239e-15	         	         	         
     64	    96.68	     0.00	    118196	CXO J001456.7-391317	 00 14 56.77	-39 13 17.27	   0.66	FALSE	FALSE	   5.68	5.520e-15	4.581e-15	6.547e-15	         	         	         
     64	   105.04	     0.00	    118205	CXO J001444.6-391135	 00 14 44.62	-39 11 35.95	   0.36	FALSE	FALSE	  20.24	1.067e-13	1.019e-13	1.116e-13	         	         	         
     64	   115.74	     0.00	    118267	CXO J001443.8-391127	 00 14 43.80	-39 11 27.58	   1.57	FALSE	FALSE	   4.15	2.935e-15	2.131e-15	3.738e-15	         	         	         
     64	   121.40	     0.00	    118203	CXO J001504.0-391153	 00 15 04.03	-39 11 53.81	   0.45	FALSE	FALSE	  11.57	2.687e-14	2.457e-14	2.918e-14	         	         	         
     64	   123.88	     0.00	    118254	CXO J001455.4-390945	 00 14 55.43	-39 09 45.85	   1.82	FALSE	FALSE	   3.13	4.501e-15	3.042e-15	5.967e-15	         	         	         
     64	   127.30	     0.00	    118231	CXO J001443.6-391240	 00 14 43.61	-39 12 40.01	   1.15	FALSE	FALSE	   5.44	5.614e-15	4.481e-15	6.756e-15	         	         	         
     64	   133.02	     0.00	    118210	CXO J001502.7-391028	 00 15 02.79	-39 10 28.66	   0.79	FALSE	FALSE	   5.03	4.230e-15	3.369e-15	5.157e-15	         	         	         
     64	   134.39	     0.00	    118229	CXO J001504.2-391240	 00 15 04.25	-39 12 40.12	   0.76	FALSE	FALSE	   3.15	8.572e-16	5.829e-16	1.175e-15	         	         	         
     64	   141.05	     0.00	    118207	CXO J001504.6-391050	 00 15 04.68	-39 10 50.52	   0.75	FALSE	FALSE	   4.70	2.690e-15	2.048e-15	3.334e-15	         	         	         
     64	   142.70	     0.00	    118209	CXO J001504.5-391043	 00 15 04.57	-39 10 43.91	   0.59	FALSE	FALSE	   7.22	9.879e-15	8.496e-15	1.125e-14	         	         	         
     64	   152.97	     0.00	    118225	CXO J001446.8-391359	 00 14 46.82	-39 13 59.05	   1.18	FALSE	FALSE	   4.55	6.374e-15	4.987e-15	7.751e-15	         	         	         
     64	   161.60	     0.00	    118197	CXO J001505.3-391313	 00 15 05.38	-39 13 13.73	   0.51	FALSE	FALSE	   5.96	1.001e-14	8.431e-15	1.176e-14	         	         	         
     64	   170.53	     0.00	    118213	CXO J001450.5-390901	 00 14 50.55	-39 09 01.11	   0.53	FALSE	FALSE	  10.80	2.451e-14	2.242e-14	2.662e-14	         	         	         
     64	   172.59	     0.00	    118240	CXO J001457.5-390901	 00 14 57.54	-39 09 01.51	   1.26	FALSE	FALSE	   4.61	4.159e-15	3.036e-15	5.281e-15	         	         	         
     64	   175.67	     0.00	    118239	CXO J001500.1-390909	 00 15 00.15	-39 09 09.58	   1.08	FALSE	FALSE	   5.13	3.695e-15	2.863e-15	4.528e-15	         	         	         
     66	    81.74	     0.00	    171627	CXO J141551.0+230351	 14 15 51.09	+23 03 51.74	  14.31	FALSE	FALSE	   3.07	3.233e-14	1.957e-14	4.507e-14	         	         	         
     75	    22.60	     0.00	    102524	CXO J025650.1+585424	 02 56 50.16	+58 54 24.02	   0.46	FALSE	FALSE	   7.56	3.356e-14	2.916e-14	3.799e-14	         	         	         
     75	    70.05	     0.00	    102525	CXO J025642.9+585438	 02 56 42.91	+58 54 38.36	   0.73	FALSE	FALSE	   3.91	4.588e-15	3.459e-15	5.856e-15	         	         	         
     75	    71.81	     0.00	    102528	CXO J025650.3+585552	 02 56 50.34	+58 55 52.64	   0.55	FALSE	FALSE	   5.49	2.193e-14	1.818e-14	2.613e-14	         	         	         
     75	   110.01	     0.00	    102527	CXO J025703.8+585541	 02 57 03.88	+58 55 41.51	   0.42	FALSE	FALSE	  17.65	1.772e-13	1.672e-13	1.872e-13	         	         	         
     75	   150.79	     0.00	    102523	CXO J025709.7+585340	 02 57 09.71	+58 53 40.30	   0.65	FALSE	FALSE	   6.41	1.930e-14	1.627e-14	2.229e-14	         	         	         
     76	     0.03	     0.89	    152690	CXO J024155.0+593615	 02 41 55.02	+59 36 15.42	   0.44	FALSE	FALSE	   4.12	2.224e-14	1.852e-14	2.600e-14	         	         	         
     76	    77.27	     0.00	     77901	CXO J024149.3+593511	 02 41 49.36	+59 35 11.18	   0.72	FALSE	FALSE	   3.94	1.651e-14	1.263e-14	2.097e-14	         	         	         
     76	   104.36	     0.00	    152679	CXO J024145.9+593456	 02 41 45.96	+59 34 56.93	   0.62	FALSE	FALSE	   5.65	3.048e-14	2.526e-14	3.600e-14	         	         	         
     76	   108.82	     0.00	     77903	CXO J024142.1+593527	 02 41 42.14	+59 35 27.68	   0.53	FALSE	FALSE	   4.36	2.799e-14	2.342e-14	3.260e-14	         	         	         
     76	   110.59	     0.00	     77907	CXO J024144.8+593734	 02 41 44.88	+59 37 34.87	   0.39	FALSE	FALSE	   7.43	7.817e-14	6.997e-14	8.644e-14	         	         	         
     76	   117.91	     0.00	     77902	CXO J024142.0+593511	 02 41 42.00	+59 35 11.08	   0.49	FALSE	FALSE	   4.99	3.692e-14	3.161e-14	4.228e-14	         	         	         
     76	   128.84	     0.00	    152678	CXO J024154.7+593406	 02 41 54.79	+59 34 06.57	   0.52	FALSE	FALSE	   4.79	3.502e-14	2.973e-14	4.025e-14	         	         	         
     76	   133.07	     0.00	    152683	CXO J024139.3+593714	 02 41 39.33	+59 37 14.91	   0.37	FALSE	FALSE	  10.13	1.038e-13	9.539e-14	1.122e-13	         	         	         
     76	   157.45	     0.00	     77906	CXO J024202.2+593843	 02 42 02.25	+59 38 43.00	   0.43	FALSE	FALSE	   6.89	3.142e-14	2.804e-14	3.477e-14	         	         	         
     76	   157.72	     0.00	     77910	CXO J024149.2+593343	 02 41 49.27	+59 33 43.84	   1.14	FALSE	FALSE	   3.16	1.624e-14	1.124e-14	2.145e-14	         	         	         
     76	   169.37	     0.00	     77911	CXO J024211.3+593419	 02 42 11.34	+59 34 19.93	   0.96	FALSE	FALSE	   3.84	1.789e-14	1.349e-14	2.296e-14	         	         	         
     77	    97.97	     0.00	     46977	CXO J121502.0+361431	 12 15 02.09	+36 14 31.81	   0.78	 TRUE	FALSE	  11.16	5.600e-14	5.275e-14	5.928e-14	         	         	         
     77	   113.02	     0.00	     46937	CXO J121451.2+361427	 12 14 51.28	+36 14 27.33	   3.55	FALSE	FALSE	   4.36	7.104e-15	3.295e-15	1.094e-14	         	         	         
     77	   120.61	     0.00	     46916	CXO J121503.9+361443	 12 15 03.97	+36 14 43.66	   1.02	 TRUE	FALSE	   7.64	2.519e-14	2.278e-14	2.761e-14	         	         	         
     77	   147.46	     0.00	     46999	CXO J121453.3+361051	 12 14 53.36	+36 10 51.06	   5.11	FALSE	FALSE	   5.99	1.857e-14	1.384e-14	2.331e-14	         	         	         
     77	   152.45	     0.00	     47005	CXO J121502.3+361530	 12 15 02.31	+36 15 30.68	   3.42	FALSE	FALSE	   3.52	7.856e-15	5.139e-15	1.058e-14	         	         	         
     78	     5.57	     0.00	     46908	CXO J121539.1+361931	 12 15 39.18	+36 19 31.23	   0.65	FALSE	FALSE	   5.10	9.821e-15	7.890e-15	1.173e-14	         	         	         
     78	     8.79	     0.00	     46981	CXO J121539.9+361936	 12 15 39.90	+36 19 36.20	   1.00	 TRUE	FALSE	   3.53	3.579e-15	2.549e-15	4.611e-15	         	         	         
     78	    14.63	     0.00	     46910	CXO J121538.1+361944	 12 15 38.16	+36 19 44.89	   0.32	FALSE	FALSE	  13.18	5.074e-14	4.794e-14	5.351e-14	         	         	         
     78	    19.18	     0.00	     46970	CXO J121538.2+361921	 12 15 38.26	+36 19 21.12	   0.30	FALSE	FALSE	  28.46	1.251e-13	1.212e-13	1.291e-13	         	         	         
     78	    20.72	     0.00	     46909	CXO J121540.8+361939	 12 15 40.87	+36 19 39.64	   0.48	FALSE	FALSE	   5.23	9.521e-15	8.232e-15	1.080e-14	         	         	         
     78	    52.42	     0.00	     46957	CXO J121535.1+361957	 12 15 35.17	+36 19 57.03	   0.92	FALSE	FALSE	   3.30	3.128e-15	1.931e-15	4.336e-15	         	         	         
     78	    56.64	     0.00	     47009	CXO J121540.0+361841	 12 15 40.00	+36 18 41.05	   0.59	FALSE	FALSE	   3.79	1.602e-15	1.239e-15	1.964e-15	         	         	         
     78	    78.79	     0.00	     47010	CXO J121533.4+361859	 12 15 33.42	+36 18 59.64	   0.55	FALSE	FALSE	   3.78	1.958e-15	1.537e-15	2.380e-15	         	         	         
     78	    84.19	     0.00	     46906	CXO J121544.7+361846	 12 15 44.74	+36 18 46.31	   0.45	FALSE	FALSE	   6.62	1.291e-14	1.146e-14	1.437e-14	         	         	         
     78	   101.37	     0.00	     46913	CXO J121541.4+362114	 12 15 41.42	+36 21 14.47	   0.40	FALSE	FALSE	  11.23	3.200e-14	2.985e-14	3.417e-14	         	         	         
     78	   147.27	     0.00	     46925	CXO J121547.4+362124	 12 15 47.47	+36 21 24.69	   0.86	FALSE	FALSE	   4.51	4.899e-15	4.010e-15	5.797e-15	         	         	         
     78	   155.25	     0.00	     46982	CXO J121526.3+361944	 12 15 26.34	+36 19 44.23	   0.54	FALSE	FALSE	   6.12	8.000e-15	6.838e-15	9.174e-15	         	         	         
     78	   163.42	     0.00	     46928	CXO J121537.2+362218	 12 15 37.26	+36 22 18.58	   1.38	FALSE	FALSE	   3.31	1.501e-15	9.726e-16	2.090e-15	         	         	         
     78	   172.36	     0.00	     46912	CXO J121534.4+362219	 12 15 34.41	+36 22 19.28	   0.55	FALSE	FALSE	   7.60	1.970e-14	1.773e-14	2.169e-14	         	         	         
     78	   177.05	     0.00	     47024	CXO J121549.2+362145	 12 15 49.26	+36 21 45.15	   1.16	FALSE	FALSE	   4.47	9.884e-15	8.120e-15	1.167e-14	         	         	         
     78	   179.32	     0.00	     46926	CXO J121530.7+362204	 12 15 30.78	+36 22 04.72	   1.07	FALSE	FALSE	   3.29	2.249e-15	1.477e-15	3.107e-15	         	         	         
     84	   122.11	     0.00	    102540	CXO J025553.5+585008	 02 55 53.53	+58 50 08.90	   3.51	FALSE	FALSE	   4.52	2.926e-14	2.304e-14	3.546e-14	         	         	         
     84	   142.04	     0.00	    102544	CXO J025551.7+585340	 02 55 51.77	+58 53 40.78	   2.74	FALSE	FALSE	   4.90	1.123e-14	8.339e-15	1.410e-14	         	         	         
     84	   156.34	     0.00	    102541	CXO J025559.7+585013	 02 55 59.70	+58 50 13.60	   4.01	FALSE	FALSE	   3.07	8.208e-15	4.853e-15	1.154e-14	         	         	         
     84	   157.67	     0.00	    102542	CXO J025602.9+585125	 02 56 02.95	+58 51 25.26	   2.02	FALSE	FALSE	   5.97	1.904e-14	1.561e-14	2.249e-14	         	         	         
     86	     0.26	     0.13	     77761	CXO J023635.4+593917	 02 36 35.47	+59 39 17.46	   0.42	 TRUE	FALSE	  12.68	3.560e-14	3.283e-14	3.841e-14	         	         	         
     86	     2.40	     0.00	     77759	CXO J023635.2+593916	 02 36 35.21	+59 39 16.24	   0.52	 TRUE	FALSE	   3.23	2.998e-15	1.968e-15	4.029e-15	         	         	         
     86	     2.79	     0.00	     77757	CXO J023635.5+593915	 02 36 35.56	+59 39 15.02	   0.48	 TRUE	FALSE	   5.65	8.885e-15	7.294e-15	1.046e-14	         	         	         
     86	     3.15	     0.00	     77763	CXO J023635.8+593918	 02 36 35.86	+59 39 18.43	   0.42	 TRUE	FALSE	  13.61	4.027e-14	3.735e-14	4.323e-14	         	         	         
     86	     4.35	     0.00	     77767	CXO J023635.8+593920	 02 36 35.84	+59 39 20.97	   0.53	 TRUE	FALSE	   4.73	5.344e-15	4.194e-15	6.486e-15	         	         	         
     86	     4.60	     0.00	     77771	CXO J023635.3+593922	 02 36 35.32	+59 39 22.18	   0.53	 TRUE	FALSE	   4.73	5.226e-15	4.108e-15	6.342e-15	         	         	         
     86	     5.76	     0.00	     77770	CXO J023634.9+593921	 02 36 34.95	+59 39 21.99	   0.57	 TRUE	FALSE	   3.99	3.145e-15	2.289e-15	3.995e-15	         	         	         
     86	     7.07	     0.00	     77760	CXO J023636.3+593917	 02 36 36.39	+59 39 17.25	   0.44	 TRUE	FALSE	   8.80	1.599e-14	1.419e-14	1.782e-14	         	         	         
     86	     7.16	     0.00	     77764	CXO J023636.3+593920	 02 36 36.34	+59 39 20.29	   0.60	 TRUE	FALSE	   3.70	2.202e-15	1.544e-15	2.857e-15	         	         	         
     86	     8.17	     0.00	     77754	CXO J023634.9+593910	 02 36 34.93	+59 39 10.60	   0.57	FALSE	FALSE	   3.82	4.715e-15	3.501e-15	5.921e-15	         	         	         
     86	     9.34	     0.00	     77762	CXO J023634.2+593917	 02 36 34.23	+59 39 17.63	   0.44	FALSE	FALSE	   8.71	1.059e-14	9.369e-15	1.183e-14	         	         	         
     86	     9.34	     0.00	     77776	CXO J023635.8+593926	 02 36 35.82	+59 39 26.63	   0.43	FALSE	FALSE	   9.74	2.165e-14	1.943e-14	2.390e-14	         	         	         
     86	    12.38	     0.00	     77769	CXO J023633.8+593920	 02 36 33.88	+59 39 20.77	   0.44	FALSE	FALSE	   9.41	2.012e-14	1.799e-14	2.224e-14	         	         	         
     86	    13.01	     0.00	     77749	CXO J023635.3+593904	 02 36 35.31	+59 39 04.73	   0.43	FALSE	FALSE	   9.47	2.097e-14	1.879e-14	2.318e-14	         	         	         
     86	    13.94	     0.00	     77819	CXO J023637.2+593915	 02 36 37.28	+59 39 15.55	   0.64	FALSE	FALSE	   3.14	2.276e-15	1.567e-15	3.110e-15	         	         	         
     86	    14.76	     0.00	     77766	CXO J023637.3+593921	 02 36 37.36	+59 39 21.13	   0.49	FALSE	FALSE	   5.83	5.398e-15	4.430e-15	6.356e-15	         	         	         
     86	    18.46	     0.00	     77818	CXO J023633.1+593912	 02 36 33.13	+59 39 12.39	   0.70	FALSE	FALSE	   3.17	1.717e-15	1.149e-15	2.377e-15	         	         	         
     86	    23.40	     0.00	     77772	CXO J023638.4+593922	 02 36 38.47	+59 39 22.77	   0.50	FALSE	FALSE	   5.58	1.025e-14	8.466e-15	1.205e-14	         	         	         
     86	    26.02	     0.00	     77779	CXO J023634.3+593942	 02 36 34.38	+59 39 42.41	   0.51	FALSE	FALSE	   6.05	1.101e-14	9.193e-15	1.281e-14	         	         	         
     86	    26.70	     0.00	     77758	CXO J023631.9+593914	 02 36 31.96	+59 39 14.93	   0.63	FALSE	FALSE	   3.97	2.698e-15	2.033e-15	3.442e-15	         	         	         
     86	    26.87	     0.00	     77883	CXO J023633.4+593855	 02 36 33.45	+59 38 55.58	   0.42	FALSE	FALSE	  17.74	2.239e-14	2.112e-14	2.367e-14	         	         	         
     86	    27.01	     0.00	     77777	CXO J023638.4+593932	 02 36 38.48	+59 39 32.09	   0.56	FALSE	FALSE	   4.22	2.731e-15	2.068e-15	3.395e-15	         	         	         
     86	    27.71	     0.00	     77745	CXO J023634.5+593850	 02 36 34.55	+59 38 50.87	   0.44	FALSE	FALSE	   9.40	1.130e-14	1.009e-14	1.252e-14	         	         	         
     86	    28.37	     0.00	     77765	CXO J023631.7+593918	 02 36 31.72	+59 39 18.75	   0.65	FALSE	FALSE	   3.68	3.555e-15	2.570e-15	4.530e-15	         	         	         
     86	    29.79	     0.00	     77822	CXO J023633.1+593941	 02 36 33.11	+59 39 41.56	   0.66	FALSE	FALSE	   3.83	2.693e-15	1.930e-15	3.459e-15	         	         	         
     86	    30.02	     0.00	     77752	CXO J023639.2+593910	 02 36 39.29	+59 39 10.04	   0.54	 TRUE	FALSE	   4.24	9.184e-16	6.062e-16	1.228e-15	         	         	         
     86	    31.72	     0.00	     77781	CXO J023637.7+593944	 02 36 37.74	+59 39 44.33	   0.46	FALSE	FALSE	   8.02	1.457e-14	1.276e-14	1.636e-14	         	         	         
     86	    32.97	     0.00	     77753	CXO J023639.7+593910	 02 36 39.70	+59 39 10.23	   0.44	 TRUE	FALSE	   7.36	1.118e-14	9.649e-15	1.269e-14	         	         	         
     86	    33.82	     0.00	     77747	CXO J023631.8+593857	 02 36 31.86	+59 38 57.71	   0.58	FALSE	FALSE	   4.75	6.159e-15	4.874e-15	7.453e-15	         	         	         
     86	    35.22	     0.00	     77820	CXO J023640.1+593918	 02 36 40.11	+59 39 18.50	   0.62	FALSE	FALSE	   3.31	1.800e-15	1.185e-15	2.420e-15	         	         	         
     86	    36.06	     0.00	     77780	CXO J023632.6+593946	 02 36 32.60	+59 39 46.50	   0.75	FALSE	FALSE	   3.16	1.526e-15	9.813e-16	2.148e-15	         	         	         
     86	    36.46	     0.00	     77742	CXO J023636.4+593842	 02 36 36.48	+59 38 42.07	   0.42	FALSE	FALSE	  10.63	2.698e-14	2.446e-14	2.952e-14	         	         	         
     86	    36.75	     0.00	     77744	CXO J023638.2+593847	 02 36 38.20	+59 38 47.41	   0.54	FALSE	FALSE	   4.41	3.758e-15	2.828e-15	4.680e-15	         	         	         
     86	    38.95	     0.00	     77778	CXO J023630.8+593934	 02 36 30.84	+59 39 34.75	   0.60	FALSE	FALSE	   4.49	4.442e-15	3.421e-15	5.465e-15	         	         	         
     86	    40.69	     0.00	     77773	CXO J023630.1+593922	 02 36 30.13	+59 39 22.76	   0.42	FALSE	FALSE	  16.60	6.072e-14	5.710e-14	6.438e-14	         	         	         
     86	    45.62	     0.00	     77746	CXO J023640.5+593853	 02 36 40.57	+59 38 53.60	   0.41	FALSE	FALSE	  13.51	4.266e-14	3.952e-14	4.584e-14	         	         	         
     86	    48.49	     0.00	     77741	CXO J023631.2+593840	 02 36 31.28	+59 38 40.96	   0.53	FALSE	FALSE	   5.68	8.935e-15	7.371e-15	1.051e-14	         	         	         
     86	    49.10	     0.00	     77782	CXO J023640.4+593949	 02 36 40.40	+59 39 49.51	   0.45	FALSE	FALSE	   8.93	1.518e-14	1.349e-14	1.689e-14	         	         	         
     86	    49.41	     0.00	     77748	CXO J023629.3+593901	 02 36 29.30	+59 39 01.46	   0.49	FALSE	FALSE	   7.30	1.266e-14	1.091e-14	1.438e-14	         	         	         
     86	    50.18	     0.00	     77784	CXO J023631.0+593955	 02 36 31.05	+59 39 55.14	   0.46	FALSE	FALSE	   9.45	2.015e-14	1.804e-14	2.227e-14	         	         	         
     86	    55.70	     0.00	     77785	CXO J023630.0+593955	 02 36 30.03	+59 39 55.21	   0.49	FALSE	FALSE	   7.75	9.626e-15	8.366e-15	1.090e-14	         	         	         
     86	    56.76	     0.00	     77895	CXO J023642.3+593856	 02 36 42.39	+59 38 56.22	   0.52	FALSE	FALSE	   5.11	8.810e-15	7.172e-15	1.062e-14	         	         	         
     86	    62.00	     0.00	     77815	CXO J023635.8+593815	 02 36 35.81	+59 38 15.76	   0.70	FALSE	FALSE	   3.25	3.298e-15	2.369e-15	4.404e-15	         	         	         
     86	    62.37	     0.00	     77783	CXO J023628.5+593951	 02 36 28.58	+59 39 51.91	   0.66	FALSE	FALSE	   4.48	5.477e-15	4.351e-15	6.762e-15	         	         	         
     86	    65.38	     0.00	     77737	CXO J023631.7+593818	 02 36 31.73	+59 38 18.76	   0.53	FALSE	FALSE	   5.74	6.768e-15	5.512e-15	8.036e-15	         	         	         
     86	    66.66	     0.00	     77775	CXO J023644.1+593926	 02 36 44.17	+59 39 26.86	   0.42	FALSE	FALSE	  12.58	3.662e-14	3.370e-14	3.951e-14	         	         	         
     86	    72.39	     0.00	     77751	CXO J023626.0+593906	 02 36 26.02	+59 39 06.91	   0.54	FALSE	FALSE	   6.52	6.829e-15	5.770e-15	7.898e-15	         	         	         
     86	    72.76	     0.00	     77740	CXO J023643.6+593839	 02 36 43.61	+59 38 39.25	   0.45	FALSE	FALSE	   8.29	1.329e-14	1.164e-14	1.496e-14	         	         	         
     86	    76.64	     0.00	     77790	CXO J023641.0+594021	 02 36 41.08	+59 40 21.42	   0.44	FALSE	FALSE	  11.52	3.011e-14	2.747e-14	3.272e-14	         	         	         
     86	    77.81	     0.00	     77774	CXO J023625.2+593924	 02 36 25.23	+59 39 24.66	   0.42	FALSE	FALSE	  20.78	8.806e-14	8.386e-14	9.230e-14	         	         	         
     86	    78.05	     0.00	     77787	CXO J023644.0+594000	 02 36 44.05	+59 40 00.81	   0.47	FALSE	FALSE	   8.37	7.660e-15	6.725e-15	8.605e-15	         	         	         
     86	    79.33	     0.00	     77743	CXO J023626.1+593841	 02 36 26.12	+59 38 41.88	   0.72	FALSE	FALSE	   3.82	4.322e-15	3.186e-15	5.620e-15	         	         	         
     86	    80.55	     0.00	     77792	CXO J023640.2+594029	 02 36 40.20	+59 40 29.80	   0.80	FALSE	FALSE	   3.27	2.606e-15	1.815e-15	3.504e-15	         	         	         
     86	    86.60	     0.00	     77734	CXO J023636.6+593751	 02 36 36.64	+59 37 51.57	   0.59	FALSE	FALSE	   4.76	8.948e-15	7.214e-15	1.091e-14	         	         	         
     86	    88.33	     0.00	     77735	CXO J023632.3+593752	 02 36 32.37	+59 37 52.53	   0.60	FALSE	FALSE	   4.69	4.754e-15	3.696e-15	5.803e-15	         	         	         
     86	    90.64	     0.00	     77788	CXO J023644.8+594014	 02 36 44.82	+59 40 14.17	   0.52	FALSE	FALSE	   6.83	1.140e-14	9.734e-15	1.304e-14	         	         	         
     86	    93.48	     0.00	     77825	CXO J023644.9+594017	 02 36 44.95	+59 40 17.41	   0.76	FALSE	FALSE	   3.56	4.126e-15	3.078e-15	5.361e-15	         	         	         
     86	    99.23	     0.00	     77756	CXO J023622.3+593914	 02 36 22.37	+59 39 14.43	   0.73	FALSE	FALSE	   4.29	4.988e-15	3.796e-15	6.179e-15	         	         	         
     86	   100.42	     0.00	     77739	CXO J023623.3+593837	 02 36 23.30	+59 38 37.76	   0.49	FALSE	FALSE	   9.08	1.741e-14	1.547e-14	1.932e-14	         	         	         
     86	   104.46	     0.00	     77865	CXO J023622.4+593951	 02 36 22.41	+59 39 51.28	   0.97	FALSE	FALSE	   3.03	2.823e-15	1.868e-15	3.784e-15	         	         	         
     86	   105.22	     0.00	     77768	CXO J023649.3+593921	 02 36 49.34	+59 39 21.45	   0.47	FALSE	FALSE	   8.96	2.084e-14	1.852e-14	2.318e-14	         	         	         
     86	   108.60	     0.00	     77824	CXO J023622.6+594005	 02 36 22.61	+59 40 05.86	   0.75	FALSE	FALSE	   5.24	6.734e-15	5.465e-15	8.016e-15	         	         	         
     86	   108.89	     0.00	     77733	CXO J023637.9+593730	 02 36 37.99	+59 37 30.52	   0.60	FALSE	FALSE	   4.96	3.326e-15	2.675e-15	4.040e-15	         	         	         
     86	   111.55	     0.00	     77793	CXO J023646.4+594031	 02 36 46.47	+59 40 31.80	   0.49	FALSE	FALSE	   8.55	1.394e-14	1.232e-14	1.557e-14	         	         	         
     86	   122.31	     0.00	     77736	CXO J023621.9+593811	 02 36 21.91	+59 38 11.35	   0.42	FALSE	FALSE	  28.25	1.337e-13	1.290e-13	1.384e-13	         	         	         
     86	   127.92	     0.00	     77823	CXO J023619.7+594003	 02 36 19.72	+59 40 03.90	   0.91	FALSE	FALSE	   3.51	3.116e-15	2.251e-15	4.105e-15	         	         	         
     86	   129.54	     0.00	     77813	CXO J023621.4+593803	 02 36 21.42	+59 38 03.84	   0.91	FALSE	FALSE	   3.04	6.964e-16	3.095e-16	1.087e-15	         	         	         
     86	   131.58	     0.00	     77795	CXO J023624.0+594056	 02 36 24.04	+59 40 56.85	   0.46	FALSE	FALSE	  12.47	3.873e-14	3.564e-14	4.185e-14	         	         	         
     86	   134.59	     0.00	     77798	CXO J023628.7+594122	 02 36 28.75	+59 41 22.32	   0.55	 TRUE	FALSE	   8.06	1.643e-14	1.436e-14	1.847e-14	         	         	         
     86	   136.77	     0.00	     77800	CXO J023628.9+594125	 02 36 28.90	+59 41 25.13	   0.52	 TRUE	FALSE	   9.58	2.336e-14	2.093e-14	2.582e-14	         	         	         
     86	   138.45	     0.00	     77796	CXO J023646.8+594106	 02 36 46.83	+59 41 06.08	   0.52	FALSE	FALSE	   8.42	8.832e-15	7.772e-15	9.903e-15	         	         	         
     86	   147.06	     0.00	     77738	CXO J023653.5+593824	 02 36 53.52	+59 38 24.05	   0.50	FALSE	FALSE	   8.23	1.398e-14	1.229e-14	1.568e-14	         	         	         
     86	   147.38	     0.00	     77786	CXO J023616.7+593956	 02 36 16.70	+59 39 56.67	   0.65	FALSE	FALSE	   6.42	8.093e-15	6.752e-15	9.421e-15	         	         	         
     86	   148.43	     0.00	     77801	CXO J023641.6+594138	 02 36 41.63	+59 41 38.58	   0.75	FALSE	FALSE	   5.49	3.923e-15	3.156e-15	4.698e-15	         	         	         
     86	   151.54	     0.00	     77828	CXO J023647.0+594121	 02 36 47.07	+59 41 21.12	   0.94	FALSE	FALSE	   4.18	6.277e-15	4.904e-15	7.865e-15	         	         	         
     86	   160.69	     0.00	     77794	CXO J023616.9+594036	 02 36 16.97	+59 40 36.47	   0.66	FALSE	FALSE	   6.83	8.347e-15	7.077e-15	9.630e-15	         	         	         
     86	   165.36	     0.00	     77809	CXO J023625.1+593651	 02 36 25.19	+59 36 51.83	   1.07	FALSE	FALSE	   3.15	6.448e-16	3.229e-16	9.994e-16	         	         	         
     86	   167.51	     0.00	     77831	CXO J023638.7+594203	 02 36 38.74	+59 42 03.36	   0.99	FALSE	FALSE	   3.91	6.842e-15	5.221e-15	8.697e-15	         	         	         
     86	   169.80	     0.00	     77806	CXO J023633.2+593628	 02 36 33.28	+59 36 28.71	   0.96	FALSE	FALSE	   3.42	1.501e-15	1.064e-15	2.010e-15	         	         	         
     86	   171.18	     0.00	     77731	CXO J023646.3+593647	 02 36 46.35	+59 36 47.76	   0.56	FALSE	FALSE	   7.31	1.615e-14	1.395e-14	1.836e-14	         	         	         
     86	   174.65	     0.00	     77799	CXO J023651.3+594124	 02 36 51.31	+59 41 24.54	   0.95	FALSE	FALSE	   4.01	1.561e-15	1.154e-15	2.016e-15	         	         	         
     86	   175.81	     0.00	     77797	CXO J023618.2+594115	 02 36 18.24	+59 41 15.56	   0.71	FALSE	FALSE	   7.47	1.332e-14	1.153e-14	1.512e-14	         	         	         
     86	   178.50	     0.00	     77789	CXO J023657.6+594018	 02 36 57.60	+59 40 18.80	   0.63	FALSE	FALSE	   6.94	6.208e-15	5.248e-15	7.159e-15	         	         	         
     89	     5.97	     0.00	     34070	CXO J043048.1+645050	 04 30 48.16	+64 50 50.98	   0.41	 TRUE	FALSE	  15.01	9.883e-14	9.231e-14	1.054e-13	         	         	         
     89	     6.86	     0.00	     34071	CXO J043048.6+645058	 04 30 48.65	+64 50 58.94	   0.42	FALSE	FALSE	  15.74	1.810e-13	1.696e-13	1.923e-13	         	         	         
     89	     7.47	     0.00	     34068	CXO J043048.2+645047	 04 30 48.28	+64 50 46.99	   0.59	 TRUE	FALSE	   3.54	1.452e-14	1.072e-14	1.831e-14	         	         	         
     89	    21.00	     0.00	     34093	CXO J043046.3+645104	 04 30 46.31	+64 51 04.18	   0.53	FALSE	FALSE	   3.73	4.911e-15	3.014e-15	6.815e-15	         	         	         
     89	    53.50	     0.00	     34069	CXO J043057.4+645048	 04 30 57.43	+64 50 48.98	   0.64	FALSE	FALSE	   4.39	1.709e-14	1.339e-14	2.126e-14	         	         	         
     89	   152.35	     0.00	     34076	CXO J043025.3+645035	 04 30 25.31	+64 50 35.76	   0.92	FALSE	FALSE	   3.29	1.060e-14	0.000e+00	8.020e-15	         	         	         
     89	   159.91	     0.00	     34072	CXO J043114.0+645108	 04 31 14.03	+64 51 08.06	   0.73	FALSE	FALSE	   5.90	1.297e-14	1.074e-14	1.522e-14	         	         	         
     89	   164.71	     0.00	     34087	CXO J043114.5+645024	 04 31 14.52	+64 50 24.64	   1.21	FALSE	FALSE	   3.05	1.456e-14	1.018e-14	1.979e-14	         	         	         
    100	     0.03	     0.93	     11459	CXO J010927.0+354305	 01 09 27.02	+35 43 05.27	   0.80	FALSE	FALSE	   3.57	4.702e-14	0.000e+00	3.495e-14	         	         	         
    102	     0.03	     0.82	    121050	CXO J034648.6+680546	 03 46 48.50	+68 05 46.92	   0.32	FALSE	FALSE	  58.49	3.961e-13	3.893e-13	4.030e-13	9.668e-14	8.795e-14	1.055e-13
    102	     6.01	     0.00	    246396	CXO J034649.5+680544	 03 46 49.50	+68 05 44.70	   0.56	FALSE	FALSE	   4.63	         	         	         	2.756e-14	2.166e-14	3.343e-14
    102	    21.11	     0.00	    121071	CXO J034644.9+680553	 03 46 44.91	+68 05 53.39	   1.09	FALSE	FALSE	   8.50	1.735e-14	1.514e-14	1.953e-14	         	         	         
    102	    25.82	     0.00	    121081	CXO J034652.5+680534	 03 46 52.58	+68 05 34.86	   1.02	FALSE	FALSE	   8.21	2.226e-14	1.969e-14	2.486e-14	         	         	         
    102	    36.28	     0.00	    121053	CXO J034643.6+680611	 03 46 43.68	+68 06 11.15	   0.35	FALSE	FALSE	  31.00	1.623e-13	1.571e-13	1.676e-13	5.317e-14	4.622e-14	6.019e-14
    102	    49.09	     0.00	    121047	CXO J034652.8+680504	 03 46 52.81	+68 05 04.14	   0.66	FALSE	FALSE	  14.86	5.702e-14	5.312e-14	6.088e-14	         	         	         
    102	    59.48	     0.00	    121054	CXO J034657.4+680619	 03 46 57.44	+68 06 19.07	   0.35	FALSE	FALSE	  31.96	3.764e-13	3.647e-13	3.882e-13	9.214e-14	8.377e-14	1.006e-13
    102	    72.04	     0.00	    121082	CXO J034637.6+680625	 03 46 37.68	+68 06 25.97	   1.63	FALSE	FALSE	   3.57	0.000e+00	         	6.479e-16	         	         	         
    102	    90.92	     0.00	    121083	CXO J034651.5+680716	 03 46 51.52	+68 07 16.23	   1.67	FALSE	FALSE	   5.55	4.948e-15	3.256e-15	6.648e-15	         	         	         
    102	    96.11	     0.00	    121069	CXO J034704.8+680518	 03 47 04.89	+68 05 18.24	   1.81	FALSE	FALSE	   7.28	7.957e-15	6.258e-15	9.651e-15	         	         	         
    102	   134.92	     0.00	    121118	CXO J034626.3+680453	 03 46 26.33	+68 04 53.92	   1.52	FALSE	FALSE	   3.46	1.721e-15	1.051e-15	2.393e-15	         	         	         
    102	   152.16	     0.00	    121043	CXO J034627.4+680410	 03 46 27.45	+68 04 10.66	   0.46	FALSE	FALSE	  19.84	6.173e-14	5.864e-14	6.485e-14	1.556e-14	1.153e-14	1.958e-14
    102	   152.88	     0.00	    121048	CXO J034622.2+680505	 03 46 22.20	+68 05 05.58	   0.44	FALSE	FALSE	  15.48	3.398e-14	3.179e-14	3.619e-14	1.805e-14	1.383e-14	2.227e-14
    102	   153.05	     0.00	    121044	CXO J034626.0+680419	 03 46 26.00	+68 04 19.97	   0.72	FALSE	FALSE	   7.77	4.212e-15	3.507e-15	4.924e-15	         	         	         
    102	   156.50	     0.00	    121091	CXO J034659.4+680322	 03 46 59.42	+68 03 22.83	   1.97	FALSE	FALSE	   4.41	4.182e-15	2.408e-15	5.949e-15	         	         	         
    102	   174.37	     0.00	    121072	CXO J034617.4+680604	 03 46 17.49	+68 06 04.35	   0.99	FALSE	FALSE	   4.36	4.812e-15	3.663e-15	5.969e-15	         	         	         
    104	     9.79	     0.00	     47710	CXO J073650.0+653603	 07 36 50.08	+65 36 03.77	   0.31	FALSE	FALSE	  20.30	7.739e-14	7.454e-14	8.022e-14	         	         	         
    104	    24.34	     0.00	     47659	CXO J073655.3+653607	 07 36 55.32	+65 36 07.84	   0.79	FALSE	FALSE	   4.60	2.287e-15	1.872e-15	2.707e-15	         	         	         
    104	    25.72	     0.00	     47600	CXO J073647.5+653618	 07 36 47.55	+65 36 18.83	   0.44	 TRUE	FALSE	   8.04	9.239e-15	8.367e-15	1.010e-14	         	         	         
    104	    27.13	     0.00	     47543	CXO J073647.6+653623	 07 36 47.64	+65 36 23.14	   0.58	 TRUE	FALSE	   5.86	5.564e-15	4.746e-15	6.390e-15	         	         	         
    104	    32.98	     0.00	     47711	CXO J073646.1+653613	 07 36 46.13	+65 36 13.78	   0.49	FALSE	FALSE	  11.04	2.661e-14	2.422e-14	2.902e-14	         	         	         
    104	    33.04	     0.00	     47669	CXO J073651.9+653642	 07 36 51.97	+65 36 42.05	   0.63	FALSE	FALSE	   3.80	1.780e-15	1.293e-15	2.271e-15	         	         	         
    104	    36.51	     0.00	     47613	CXO J073657.2+653603	 07 36 57.22	+65 36 03.53	   0.48	FALSE	FALSE	   3.85	1.257e-15	1.004e-15	1.511e-15	         	         	         
    104	    37.14	     0.00	     47726	CXO J073653.9+653535	 07 36 53.94	+65 35 35.57	   0.81	FALSE	FALSE	   3.28	4.862e-15	3.479e-15	6.236e-15	         	         	         
    104	    37.43	     0.00	     47170	CXO J073652.4+653646	 07 36 52.40	+65 36 46.11	   0.83	 TRUE	FALSE	   3.62	7.652e-15	5.358e-15	9.933e-15	         	         	         
    104	    38.51	     0.00	    224099	CXO J073655.6+653540	 07 36 55.59	+65 35 40.79	   0.23	FALSE	FALSE	  55.17	5.050e-13	5.002e-13	5.098e-13	1.673e-13	1.425e-13	1.945e-13
    104	    39.88	     0.00	     47612	CXO J073645.2+653557	 07 36 45.25	+65 35 57.48	   0.43	FALSE	FALSE	   4.80	3.765e-15	3.277e-15	4.247e-15	         	         	         
    104	    46.44	     0.00	     47662	CXO J073645.7+653640	 07 36 45.79	+65 36 40.00	   0.63	FALSE	FALSE	   3.54	9.719e-16	6.598e-16	1.285e-15	         	         	         
    104	    71.97	     0.00	     47682	CXO J073642.0+653651	 07 36 42.03	+65 36 51.74	   0.24	FALSE	FALSE	  14.94	2.058e-14	1.984e-14	2.132e-14	         	         	         
    104	    72.01	     0.00	     47615	CXO J073656.0+653715	 07 36 56.04	+65 37 15.22	   0.72	FALSE	FALSE	   3.97	3.772e-15	3.092e-15	4.459e-15	         	         	         
    104	    92.87	     0.00	     47733	CXO J073702.6+653710	 07 37 02.61	+65 37 10.89	   0.60	FALSE	FALSE	   3.37	1.278e-15	9.768e-16	1.577e-15	         	         	         
    104	    96.79	     0.00	     47598	CXO J073707.0+653613	 07 37 07.00	+65 36 13.80	   0.76	FALSE	FALSE	   3.37	3.252e-15	2.308e-15	4.351e-15	         	         	         
    104	    97.56	     0.00	     47133	CXO J073635.6+653608	 07 36 35.65	+65 36 08.36	   0.44	FALSE	FALSE	   6.45	8.244e-15	7.416e-15	9.080e-15	         	         	         
    104	    98.30	     0.00	     47597	CXO J073707.1+653556	 07 37 07.13	+65 35 56.54	   0.42	FALSE	FALSE	   4.91	4.126e-15	3.510e-15	4.747e-15	         	         	         
    104	   101.34	     0.00	     47665	CXO J073707.0+653639	 07 37 07.00	+65 36 39.69	   0.67	FALSE	FALSE	   3.84	2.475e-15	1.805e-15	3.146e-15	         	         	         
    104	   104.19	     0.00	     47583	CXO J073707.2+653643	 07 37 07.28	+65 36 43.47	   0.75	 TRUE	FALSE	   3.91	2.187e-15	1.118e-15	3.254e-15	         	         	         
    104	   112.83	     0.00	     47593	CXO J073709.1+653544	 07 37 09.15	+65 35 44.16	   0.30	FALSE	FALSE	  26.91	1.066e-13	1.030e-13	1.102e-13	         	         	         
    104	   116.75	     0.00	     47595	CXO J073709.8+653546	 07 37 09.89	+65 35 46.72	   0.36	FALSE	FALSE	   4.29	4.289e-15	3.690e-15	4.894e-15	         	         	         
    104	   120.96	     0.00	     47588	CXO J073706.4+653451	 07 37 06.41	+65 34 51.92	   0.51	FALSE	FALSE	   3.35	2.786e-15	2.296e-15	3.270e-15	         	         	         
    104	   123.35	     0.00	     47515	CXO J073707.4+653455	 07 37 07.40	+65 34 55.85	   0.28	FALSE	FALSE	  20.07	1.918e-14	1.829e-14	2.005e-14	         	         	         
    104	   125.72	     0.00	     47586	CXO J073700.7+653417	 07 37 00.79	+65 34 17.76	   0.27	FALSE	FALSE	  12.45	1.225e-14	1.156e-14	1.296e-14	         	         	         
    104	   134.73	     0.00	     47129	CXO J073632.9+653457	 07 36 32.96	+65 34 57.89	   0.51	FALSE	FALSE	   7.76	8.110e-15	7.025e-15	9.206e-15	         	         	         
    104	   134.94	     0.00	     47709	CXO J073713.1+653558	 07 37 13.10	+65 35 58.04	   0.41	FALSE	FALSE	   4.43	1.734e-15	1.415e-15	2.049e-15	         	         	         
    104	   139.59	     0.00	     47639	CXO J073632.5+653452	 07 36 32.54	+65 34 52.88	   0.73	FALSE	FALSE	   3.45	2.771e-15	2.106e-15	3.432e-15	         	         	         
    104	   158.21	     0.00	     47628	CXO J073653.8+653331	 07 36 53.86	+65 33 31.73	   0.62	FALSE	FALSE	   3.99	3.943e-15	3.270e-15	4.610e-15	         	         	         
    104	   159.44	     0.00	     47596	CXO J073717.0+653557	 07 37 17.07	+65 35 57.85	   0.24	FALSE	FALSE	  21.60	3.963e-14	3.829e-14	4.098e-14	         	         	         
    104	   162.84	     0.00	    224098	CXO J073625.5+653539	 07 36 25.55	+65 35 39.86	   0.25	FALSE	FALSE	  86.76	1.293e-12	1.283e-12	1.302e-12	6.025e-13	5.541e-13	6.514e-13
    104	   175.36	     0.00	     47725	CXO J073718.0+653509	 07 37 18.01	+65 35 09.65	   0.76	FALSE	FALSE	   3.22	1.336e-15	8.703e-16	1.870e-15	         	         	         
    104	   176.77	     0.00	     47702	CXO J073714.8+653428	 07 37 14.88	+65 34 28.95	   0.23	FALSE	FALSE	  15.38	3.093e-14	2.970e-14	3.217e-14	         	         	         
    104	   177.28	     0.00	     47668	CXO J073648.5+653312	 07 36 48.55	+65 33 12.81	   1.68	FALSE	FALSE	   3.02	9.658e-16	0.000e+00	2.329e-15	         	         	         
    108	   130.07	     0.00	    219533	CXO J081929.0+704219	 08 19 28.98	+70 42 19.40	   0.42	FALSE	FALSE	  54.06	4.435e-12	4.354e-12	4.517e-12	4.880e-12	4.776e-12	4.985e-12
    109	     0.04	     0.86	     59480	CXO J132157.6-363748	 13 21 57.61	-36 37 48.88	   0.60	 TRUE	FALSE	   3.76	2.148e-15	1.622e-15	2.754e-15	         	         	         
    109	     3.46	     0.00	     59464	CXO J132157.3-363751	 13 21 57.38	-36 37 51.00	   0.43	 TRUE	FALSE	  10.64	1.740e-14	1.578e-14	1.904e-14	         	         	         
    109	   109.50	     0.00	     59462	CXO J132204.8-363854	 13 22 04.89	-36 38 54.51	   0.64	FALSE	FALSE	   4.42	9.647e-15	7.584e-15	1.199e-14	         	         	         
    109	   125.50	     0.00	     59467	CXO J132155.4-363546	 13 21 55.43	-36 35 46.17	   0.80	FALSE	FALSE	   4.72	5.730e-15	4.591e-15	7.001e-15	         	         	         
    109	   130.63	     0.00	     59482	CXO J132155.3-363541	 13 21 55.36	-36 35 41.10	   1.00	FALSE	FALSE	   3.36	1.330e-15	9.030e-16	1.811e-15	         	         	         
    109	   137.40	     0.00	     59483	CXO J132153.9-363538	 13 21 53.94	-36 35 38.79	   1.02	FALSE	FALSE	   3.60	3.911e-15	2.863e-15	5.111e-15	         	         	         
    109	   164.62	     0.00	     59468	CXO J132155.1-363506	 13 21 55.14	-36 35 06.99	   0.78	FALSE	FALSE	   5.59	6.231e-15	5.045e-15	7.430e-15	         	         	         
    109	   171.07	     0.00	     59465	CXO J132210.9-363648	 13 22 10.91	-36 36 48.69	   0.76	FALSE	FALSE	   6.38	1.023e-14	8.586e-15	1.187e-14	         	         	         
    109	   171.96	     0.00	     59469	CXO J132157.8-363456	 13 21 57.87	-36 34 56.97	   0.95	FALSE	FALSE	   4.52	6.230e-15	4.786e-15	7.689e-15	         	         	         
    109	   176.03	     0.00	     59466	CXO J132144.3-363634	 13 21 44.36	-36 36 34.57	   0.65	FALSE	FALSE	   6.96	1.101e-14	9.375e-15	1.267e-14	         	         	         
    123	    60.00	     0.00	    220020	CXO J082354.9+710256	 08 23 54.93	+71 02 56.00	   0.57	FALSE	FALSE	   4.77	1.076e-14	8.617e-15	1.313e-14	         	         	         
    123	    62.12	     0.00	    220019	CXO J082342.3+710155	 08 23 42.36	+71 01 55.38	   0.65	FALSE	FALSE	   4.09	2.994e-15	2.226e-15	3.824e-15	         	         	         
    123	    83.66	     0.00	    220018	CXO J082337.9+710152	 08 23 37.96	+71 01 52.09	   0.60	FALSE	FALSE	   5.25	7.933e-15	6.414e-15	9.573e-15	         	         	         
    123	   103.38	     0.00	    220015	CXO J082347.8+710018	 08 23 47.89	+71 00 18.78	   0.75	FALSE	FALSE	   3.94	4.730e-15	3.470e-15	6.113e-15	         	         	         
    123	   111.65	     0.00	    220016	CXO J082411.4+710037	 08 24 11.44	+71 00 37.82	   0.67	FALSE	FALSE	   4.70	5.328e-15	4.161e-15	6.588e-15	         	         	         
    123	   121.27	     0.00	    220021	CXO J082416.2+710259	 08 24 16.28	+71 02 59.69	   0.59	FALSE	FALSE	   5.82	1.109e-14	9.216e-15	1.309e-14	         	         	         
    123	   127.00	     0.00	    220022	CXO J082413.7+710324	 08 24 13.74	+71 03 24.76	   0.55	FALSE	FALSE	   6.79	1.438e-14	1.227e-14	1.652e-14	         	         	         
    124	    47.82	     0.00	    235098	CXO J094723.6+675510	 09 47 23.69	+67 55 10.57	   0.71	FALSE	FALSE	   3.54	1.758e-14	1.299e-14	2.293e-14	         	         	         
    124	    48.55	     0.00	    235100	CXO J094713.5+675546	 09 47 13.52	+67 55 46.31	   0.41	FALSE	FALSE	  21.84	3.807e-13	3.634e-13	3.981e-13	         	         	         
    124	    67.47	     0.00	    235099	CXO J094705.8+675539	 09 47 05.85	+67 55 39.20	   0.53	FALSE	FALSE	   5.93	2.364e-14	1.970e-14	2.786e-14	         	         	         
    124	   159.74	     0.00	    235097	CXO J094733.7+675257	 09 47 33.78	+67 52 57.25	   0.77	FALSE	FALSE	   4.38	1.198e-14	9.430e-15	1.490e-14	         	         	         
    125	    32.20	     0.00	    225141	CXO J083411.3+661033	 08 34 11.33	+66 10 33.77	   0.43	FALSE	FALSE	  10.11	3.597e-14	3.240e-14	3.959e-14	         	         	         
    125	    66.02	     0.00	    225142	CXO J083409.1+661158	 08 34 09.15	+66 11 58.96	   0.53	FALSE	FALSE	   6.12	9.972e-15	8.257e-15	1.170e-14	         	         	         
    125	   105.76	     0.00	    225150	CXO J083355.1+660937	 08 33 55.11	+66 09 37.71	   0.71	FALSE	FALSE	   3.58	2.432e-15	1.553e-15	3.318e-15	         	         	         
    125	   107.49	     0.00	    225143	CXO J083416.5+661225	 08 34 16.53	+66 12 25.45	   0.72	FALSE	FALSE	   4.37	5.932e-15	4.456e-15	7.402e-15	         	         	         
    125	   130.55	     0.00	    225144	CXO J083409.3+661303	 08 34 09.39	+66 13 03.88	   0.74	FALSE	FALSE	   4.64	6.810e-15	5.253e-15	8.364e-15	         	         	         
    125	   139.81	     0.00	    225151	CXO J083347.3+660942	 08 33 47.34	+66 09 42.88	   0.96	FALSE	FALSE	   3.06	5.337e-15	3.690e-15	7.272e-15	         	         	         
    125	   157.37	     0.00	    225145	CXO J083355.7+661315	 08 33 55.75	+66 13 15.29	   0.89	FALSE	FALSE	   3.95	7.900e-15	5.867e-15	1.019e-14	         	         	         
    125	   158.78	     0.00	    225160	CXO J083345.8+661226	 08 33 45.85	+66 12 26.20	   0.92	FALSE	FALSE	   3.63	3.118e-15	2.145e-15	4.218e-15	         	         	         
